"pred.names","obs","rowIndex","Resample","pred.gbm","Non.gbm","Sensitiser.gbm","OutOfDA.gbm","pred.rf","Non.rf","Sensitiser.rf","OutOfDA.rf","pred.svm","Non.svm","Sensitiser.svm","OutOfDA.svm","meanPred","meanPredNon","meanPredSens"
"1","trans-Anethol","Sensitiser",1,"Fold3","Sensitiser",0.144149392188775,0.855850607811225,FALSE,"Sensitiser",0.156,0.844,FALSE,"Sensitiser",0.472898407796121,0.527101592203879,FALSE,"Sensitiser",0.257682599994965,0.742317400005035
"2","Geraniol","Sensitiser",2,"Fold5","Sensitiser",0.293388725552173,0.706611274447827,FALSE,"Non",0.526,0.474,FALSE,"Sensitiser",0.431458836601916,0.568541163398084,FALSE,"Sensitiser",0.416949187384696,0.583050812615304
"3","2,4-Heptadienal","Sensitiser",3,"Fold4","Sensitiser",0.328508246680671,0.671491753319329,FALSE,"Sensitiser",0.232,0.768,FALSE,"Sensitiser",0.214832775183854,0.785167224816146,FALSE,"Sensitiser",0.258447007288175,0.741552992711825
"4","trans-2-Hexenal","Sensitiser",4,"Fold2","Sensitiser",0.110732252470951,0.889267747529049,FALSE,"Sensitiser",0.314,0.686,FALSE,"Sensitiser",0.391792578637486,0.608207421362514,FALSE,"Sensitiser",0.272174943702812,0.727825056297188
"5","Hexyl cinnamic aldehyde","Sensitiser",5,"Fold4","Sensitiser",0.0112030968533826,0.988796903146617,FALSE,"Sensitiser",0.19,0.81,FALSE,"Sensitiser",0.203253238336309,0.796746761663691,FALSE,"Sensitiser",0.134818778396564,0.865181221603436
"6","Hydroxycitronellal","Sensitiser",6,"Fold1","Sensitiser",0.0566862530360691,0.943313746963931,FALSE,"Sensitiser",0.19,0.81,FALSE,"Sensitiser",0.429217183019134,0.570782816980866,FALSE,"Sensitiser",0.225301145351734,0.774698854648266
"7","Aniline","Sensitiser",7,"Fold4","Sensitiser",0.454496159623449,0.545503840376551,FALSE,"Sensitiser",0.28,0.72,FALSE,"Sensitiser",0.353408759676212,0.646591240323788,FALSE,"Sensitiser",0.362634973099887,0.637365026900113
"8","2-Hydroxyethyl acrylate","Sensitiser",8,"Fold1","Non",NA,NA,TRUE,"Non",NA,NA,TRUE,"Non",0.591311425729792,0.408688574270208,FALSE,"Non",0.591311425729792,0.408688574270208
"9","3- and 4-(4-Hydroxy-4-methylpentyl)-3-cyclohexene-1-carboxaldehyde (Lyral)","Sensitiser",9,"Fold2","Sensitiser",0.0824050289438528,0.917594971056147,FALSE,"Sensitiser",0.15,0.85,FALSE,"Sensitiser",0.183312225417583,0.816687774582417,FALSE,"Sensitiser",0.138572418120479,0.861427581879521
"10","Imidazolidinylurea","Sensitiser",10,"Fold2","Sensitiser",0.425592255735977,0.574407744264023,FALSE,"Sensitiser",0.38,0.62,FALSE,"Sensitiser",0.409898684414194,0.590101315585806,FALSE,"Sensitiser",0.405163646716724,0.594836353283276
"11","Isopropyl isoeugenol","Sensitiser",11,"Fold5","Sensitiser",0.28198481736578,0.71801518263422,FALSE,"Sensitiser",0.45,0.55,FALSE,"Sensitiser",0.206233956184909,0.793766043815091,FALSE,"Sensitiser",0.312739591183563,0.687260408816437
"12","Isopropyl myristate","Sensitiser",12,"Fold4","Sensitiser",0.0539868891625205,0.94601311083748,FALSE,"Sensitiser",0.172,0.828,FALSE,"Sensitiser",0.410971201331063,0.589028798668937,FALSE,"Sensitiser",0.212319363497861,0.787680636502139
"13","Lauryl gallate (dodecyl gallate)","Sensitiser",13,"Fold3","Non",0.610142326274571,0.389857673725429,FALSE,"Sensitiser",0.498,0.502,FALSE,"Non",0.637634533329448,0.362365466670552,FALSE,"Non",0.581925619868006,0.418074380131994
"14","R(+) Limonene","Sensitiser",14,"Fold2","Sensitiser",0.297621642484448,0.702378357515552,FALSE,"Sensitiser",0.478,0.522,FALSE,"Sensitiser",0.343553490080203,0.656446509919797,FALSE,"Sensitiser",0.37305837752155,0.62694162247845
"15","1,2,4-Benzenetricarboxylic anhydride (trimellitic anhydride)","Sensitiser",15,"Fold2","Non",NA,NA,TRUE,"Non",0.532,0.468,FALSE,"Non",NA,NA,TRUE,"Non",0.532,0.468
"16","2-Mercaptobenzothiazole","Sensitiser",16,"Fold5","Sensitiser",0.473604927374048,0.526395072625952,FALSE,"Non",0.606,0.394,FALSE,"Sensitiser",0.444527290062402,0.555472709937598,FALSE,"Non",0.508044072478817,0.491955927521183
"17","2-Methoxy-4-methyl-phenol","Sensitiser",17,"Fold2","Non",0.519428813043851,0.480571186956149,FALSE,"Non",0.564,0.436,FALSE,"Sensitiser",0.449841907617442,0.550158092382558,FALSE,"Non",0.511090240220431,0.488909759779569
"18","1-(p-Methoxyphenyl)-1-penten-3-one","Sensitiser",18,"Fold5","Sensitiser",0.133314764241424,0.866685235758576,FALSE,"Sensitiser",0.222,0.778,FALSE,"Sensitiser",0.234782394956674,0.765217605043326,FALSE,"Sensitiser",0.196699053066033,0.803300946933967
"19","4-(Methylamino)phenol sulfate (metol)","Sensitiser",19,"Fold2","Sensitiser",0.0195414554262407,0.980458544573759,FALSE,"Sensitiser",0.208,0.792,FALSE,"Sensitiser",0.355453815769524,0.644546184230476,FALSE,"Sensitiser",0.194331757065255,0.805668242934745
"20","2-Methyl-4H,3,1-benzoxazin-4-one (Product 2040)","Sensitiser",20,"Fold2","Non",NA,NA,TRUE,"Non",0.564,0.436,FALSE,"Sensitiser",0.475307148720294,0.524692851279706,FALSE,"Non",0.519653574360147,0.480346425639853
"21","alpha-Methyl cinnamic aldehyde","Sensitiser",21,"Fold5","Sensitiser",0.200958338019057,0.799041661980944,FALSE,"Sensitiser",0.094,0.906,FALSE,"Sensitiser",0.345880629509286,0.654119370490714,FALSE,"Sensitiser",0.213612989176114,0.786387010823886
"22","Methyl dodecane sulfonate","Sensitiser",22,"Fold5","Sensitiser",0.255749096953984,0.744250903046016,FALSE,"Sensitiser",0.15,0.85,FALSE,"Sensitiser",0.315243732286594,0.684756267713406,FALSE,"Sensitiser",0.240330943080193,0.759669056919807
"23","1,2-Benzisothiazolin-3-one (Proxel active)","Sensitiser",23,"Fold3","Sensitiser",0.404721185046306,0.595278814953694,FALSE,"Non",NA,NA,TRUE,"Non",0.567391599553277,0.432608400446723,FALSE,"Non",0.486056392299791,0.513943607700208
"24","5-Methyleugenol","Sensitiser",24,"Fold3","Sensitiser",0.135598628498167,0.864401371501833,FALSE,"Sensitiser",0.12,0.88,FALSE,"Sensitiser",0.147762281435757,0.852237718564243,FALSE,"Sensitiser",0.134453636644641,0.865546363355359
"25","6-Methyleugenol","Sensitiser",25,"Fold4","Sensitiser",0.0586520183778267,0.941347981622173,FALSE,"Sensitiser",0.098,0.902,FALSE,"Sensitiser",0.153179116731781,0.846820883268219,FALSE,"Sensitiser",0.103277045036536,0.896722954963464
"26","p-Methylhydrocinnamic aldehyde","Sensitiser",26,"Fold2","Sensitiser",0.329206615287882,0.670793384712118,FALSE,"Sensitiser",0.312,0.688,FALSE,"Sensitiser",0.426659280080812,0.573340719919188,FALSE,"Sensitiser",0.355955298456231,0.644044701543769
"27","2-Methyl-5-hydroxyethylaminophenol","Sensitiser",27,"Fold5","Sensitiser",0.297753659048661,0.702246340951339,FALSE,"Sensitiser",0.282,0.718,FALSE,"Sensitiser",0.218960989265875,0.781039010734125,FALSE,"Sensitiser",0.266238216104845,0.733761783895155
"28","Benzo[a]pyrene","Sensitiser",28,"Fold3","Sensitiser",0.293106344638359,0.706893655361641,FALSE,"Sensitiser",0.296,0.704,FALSE,"Sensitiser",0.345893172927069,0.654106827072931,FALSE,"Sensitiser",0.311666505855143,0.688333494144857
"29","3-Methylisoeugenol","Sensitiser",29,"Fold5","Sensitiser",0.161975510825912,0.838024489174088,FALSE,"Sensitiser",0.078,0.922,FALSE,"Sensitiser",0.162535972981543,0.837464027018457,FALSE,"Sensitiser",0.134170494602485,0.865829505397515
"30","6-Methylisoeugenol","Sensitiser",30,"Fold2","Sensitiser",0.0576616970949546,0.942338302905045,FALSE,"Sensitiser",0.078,0.922,FALSE,"Sensitiser",0.16650306855655,0.83349693144345,FALSE,"Sensitiser",0.100721588550502,0.899278411449498
"31","2-Methyl-2H-isothiazol-3-one","Sensitiser",31,"Fold5","Sensitiser",0.35145631559076,0.64854368440924,FALSE,"Sensitiser",0.288,0.712,FALSE,"Sensitiser",0.438951624033916,0.561048375966084,FALSE,"Sensitiser",0.359469313208225,0.640530686791775
"32","N-Methyl-N-nitrosourea","Sensitiser",32,"Fold3","Non",NA,NA,TRUE,"Non",0.59,0.41,FALSE,"Sensitiser",0.370311599421752,0.629688400578248,FALSE,"Non",0.480155799710876,0.519844200289124
"33","Methyl 2-nonynoate","Sensitiser",33,"Fold2","Sensitiser",0.162365989434384,0.837634010565616,FALSE,"Sensitiser",0.334,0.666,FALSE,"Sensitiser",0.35072579818028,0.64927420181972,FALSE,"Sensitiser",0.282363929204888,0.717636070795112
"34","alpha-Methylphenylacetaldehyde","Sensitiser",34,"Fold3","Sensitiser",0.200183734599581,0.799816265400419,FALSE,"Sensitiser",0.228,0.772,FALSE,"Sensitiser",0.385678094932509,0.614321905067491,FALSE,"Sensitiser",0.271287276510697,0.728712723489303
"35","3-Methyl-4-phenyl-1,2,5-thiadiazole-1,1-dioxide (MPT)","Sensitiser",35,"Fold4","Sensitiser",0.0547747098788105,0.945225290121189,FALSE,"Sensitiser",0.304,0.696,FALSE,"Sensitiser",0.420088266285595,0.579911733714405,FALSE,"Sensitiser",0.259620992054802,0.740379007945198
"36","Methyl 2-sulphophenyl octadecanoate","Sensitiser",36,"Fold1","Sensitiser",0.489142771186324,0.510857228813675,FALSE,"Sensitiser",0.386,0.614,FALSE,"Sensitiser",0.234341125399098,0.765658874600902,FALSE,"Sensitiser",0.369827965528474,0.630172034471526
"37","4-Nitrobenzyl bromide","Sensitiser",37,"Fold1","Sensitiser",0.134439605178141,0.865560394821859,FALSE,"Sensitiser",0.324,0.676,FALSE,"Sensitiser",0.371843252047133,0.628156747952867,FALSE,"Sensitiser",0.276760952408425,0.723239047591575
"38","Oleyl methane sulfonate","Sensitiser",38,"Fold1","Sensitiser",0.365862779395842,0.634137220604158,FALSE,"Non",0.536,0.464,FALSE,"Sensitiser",0.33368938831545,0.66631061168455,FALSE,"Sensitiser",0.411850722570431,0.588149277429569
"39","p-Benzoquinone","Sensitiser",39,"Fold2","Sensitiser",0.124108564268145,0.875891435731855,FALSE,"Sensitiser",0.344,0.656,FALSE,"Sensitiser",0.345888125295391,0.654111874704609,FALSE,"Sensitiser",0.271332229854512,0.728667770145488
"40","Pationic 138C (sodium lauroyl lactylate)","Sensitiser",40,"Fold5","Non",0.583392864205518,0.416607135794482,FALSE,"Sensitiser",0.386,0.614,FALSE,"Non",0.524423070819463,0.475576929180537,FALSE,"Sensitiser",0.497938645008327,0.502061354991673
"41","Penicillin G","Sensitiser",41,"Fold1","Sensitiser",0.174988739927345,0.825011260072655,FALSE,"Sensitiser",0.44,0.56,FALSE,"Sensitiser",0.490617604389912,0.509382395610088,FALSE,"Sensitiser",0.368535448105752,0.631464551894248
"42","Phenylacetaldehyde","Sensitiser",42,"Fold3","Sensitiser",0.227551432573395,0.772448567426605,FALSE,"Sensitiser",0.276,0.724,FALSE,"Sensitiser",0.444246133018038,0.555753866981962,FALSE,"Sensitiser",0.315932521863811,0.684067478136189
"43","1,4-Phenylenediamine","Sensitiser",43,"Fold2","Sensitiser",0.0364727597207104,0.96352724027929,FALSE,"Sensitiser",0.1,0.9,FALSE,"Sensitiser",0.368699136748466,0.631300863251534,FALSE,"Sensitiser",0.168390632156392,0.831609367843608
"44","3-Phenylenediamine","Sensitiser",44,"Fold4","Sensitiser",0.0843357528154973,0.915664247184503,FALSE,"Sensitiser",0.082,0.918,FALSE,"Sensitiser",0.27805183785268,0.72194816214732,FALSE,"Sensitiser",0.148129196889392,0.851870803110608
"45","1-Phenyloctane-1,3-dione","Sensitiser",45,"Fold5","Sensitiser",0.32850692240169,0.67149307759831,FALSE,"Sensitiser",0.248,0.752,FALSE,"Non",0.593964306891165,0.406035693108835,FALSE,"Sensitiser",0.390157076430952,0.609842923569048
"46","3-Propylidenephthalide","Sensitiser",46,"Fold5","Sensitiser",0.244091129161615,0.755908870838385,FALSE,"Sensitiser",0.326,0.674,FALSE,"Sensitiser",0.463528391509195,0.536471608490805,FALSE,"Sensitiser",0.344539840223603,0.655460159776397
"47","Benzyl bromide","Sensitiser",47,"Fold4","Non",NA,NA,TRUE,"Non",0.548,0.452,FALSE,"Non",0.515270175553876,0.484729824446124,FALSE,"Non",0.531635087776938,0.468364912223062
"48","Sodium lauryl sulfate","Sensitiser",48,"Fold4","Sensitiser",0.390250299994905,0.609749700005095,FALSE,"Sensitiser",0.246,0.754,FALSE,"Sensitiser",0.411669423875124,0.588330576124876,FALSE,"Sensitiser",0.349306574623343,0.650693425376657
"49","Sodium 3,5,5-trimethylhexanoyloxybenzenesulfonate","Sensitiser",49,"Fold5","Sensitiser",0.176504554798743,0.823495445201257,FALSE,"Sensitiser",0.25,0.75,FALSE,"Sensitiser",0.282810910279995,0.717189089720005,FALSE,"Sensitiser",0.236438488359579,0.763561511640421
"50","2,2,6,6-Tetramethyl-heptane-3,5-dione","Sensitiser",50,"Fold3","Sensitiser",0.479919394583358,0.520080605416642,FALSE,"Sensitiser",0.322,0.678,FALSE,"Sensitiser",0.499104115063066,0.500895884936934,FALSE,"Sensitiser",0.433674503215475,0.566325496784525
"51","1-(2',3',4',5'-Tetramethylphenyl)butane-1,3-dione","Sensitiser",51,"Fold1","Sensitiser",0.0918447238585821,0.908155276141418,FALSE,"Sensitiser",0.4,0.6,FALSE,"Non",NA,NA,TRUE,"Sensitiser",0.245922361929291,0.754077638070709
"52","Benzylidene acetone (4-phenyl-3-buten-2-one)","Sensitiser",52,"Fold4","Sensitiser",0.173724712303816,0.826275287696184,FALSE,"Sensitiser",0.15,0.85,FALSE,"Sensitiser",0.261139830857675,0.738860169142325,FALSE,"Sensitiser",0.194954847720497,0.805045152279503
"53","4,4,4-Trifluro-1-phenylbutane-1,3-dione","Sensitiser",53,"Fold3","Non",NA,NA,TRUE,"Sensitiser",0.464,0.536,FALSE,"Non",0.523123674033367,0.476876325966633,FALSE,"Non",0.493561837016684,0.506438162983317
"54","1,1,3-Trimethyl-2-formylcyclohexa-2,4-diene (safranal)","Sensitiser",54,"Fold2","Sensitiser",0.0690994215440839,0.930900578455916,FALSE,"Sensitiser",0.13,0.87,FALSE,"Sensitiser",0.139161421426932,0.860838578573068,FALSE,"Sensitiser",0.112753614323672,0.887246385676328
"55","Vinyl pyridine","Sensitiser",55,"Fold4","Non",0.625663462058832,0.374336537941168,FALSE,"Sensitiser",0.402,0.598,FALSE,"Sensitiser",0.430860917891334,0.569139082108666,FALSE,"Sensitiser",0.486174793316722,0.513825206683278
"56","Acetyl cedrene","Sensitiser",56,"Fold3","Sensitiser",0.10651793683679,0.89348206316321,FALSE,"Sensitiser",0.26,0.74,FALSE,"Sensitiser",0.251979593941793,0.748020406058207,FALSE,"Sensitiser",0.206165843592861,0.793834156407139
"57","4-Amino-3-methyl-phenol","Sensitiser",57,"Fold3","Sensitiser",0.148560404994611,0.851439595005389,FALSE,"Sensitiser",0.15,0.85,FALSE,"Sensitiser",0.314039879346126,0.685960120653874,FALSE,"Sensitiser",0.204200094780246,0.795799905219754
"58","4-Amino-3-nitrophenol","Sensitiser",58,"Fold4","Sensitiser",0.211440827868074,0.788559172131926,FALSE,"Sensitiser",0.302,0.698,FALSE,"Sensitiser",0.288524711392949,0.711475288607051,FALSE,"Sensitiser",0.267321846420341,0.732678153579659
"59","Bandrowski’s base","Sensitiser",59,"Fold5","Sensitiser",0.061731740324357,0.938268259675643,FALSE,"Sensitiser",0.302,0.698,FALSE,"Sensitiser",0.431592937833639,0.568407062166361,FALSE,"Sensitiser",0.265108226052665,0.734891773947335
"60","Benzyl cinnamate","Sensitiser",60,"Fold3","Sensitiser",0.0194242173950998,0.9805757826049,FALSE,"Sensitiser",0.158,0.842,FALSE,"Sensitiser",0.14069451089902,0.85930548910098,FALSE,"Sensitiser",0.10603957609804,0.89396042390196
"61","Benzyl salicylate","Sensitiser",61,"Fold2","Non",NA,NA,TRUE,"Sensitiser",0.454,0.546,FALSE,"Non",0.503965153689271,0.496034846310729,FALSE,"Non",0.478982576844636,0.521017423155365
"62","Butanoic acid, 3-methyl-, 2-phenylethyl ester","Sensitiser",62,"Fold5","Sensitiser",0.290800925385626,0.709199074614374,FALSE,"Sensitiser",0.472,0.528,FALSE,"Non",0.60036004272795,0.39963995727205,FALSE,"Sensitiser",0.454386989371192,0.545613010628808
"63","Butyl acrylate","Sensitiser",63,"Fold4","Non",0.647420945528252,0.352579054471748,FALSE,"Sensitiser",0.338,0.662,FALSE,"Sensitiser",0.484410397341429,0.515589602658571,FALSE,"Sensitiser",0.48994378095656,0.51005621904344
"64","R-Carvone","Sensitiser",64,"Fold4","Sensitiser",0.0918743050341836,0.908125694965816,FALSE,"Sensitiser",0.218,0.782,FALSE,"Sensitiser",0.247745461682091,0.752254538317909,FALSE,"Sensitiser",0.185873255572092,0.814126744427908
"65","R-Carvoxime","Sensitiser",65,"Fold3","Sensitiser",0.306508196382828,0.693491803617172,FALSE,"Sensitiser",0.342,0.658,FALSE,"Sensitiser",0.462887400460969,0.537112599539031,FALSE,"Sensitiser",0.370465198947932,0.629534801052068
"66","d,l-Citronellol","Sensitiser",66,"Fold3","Non",NA,NA,TRUE,"Non",0.61,0.39,FALSE,"Non",0.605622029191907,0.394377970808093,FALSE,"Non",0.607811014595953,0.392188985404047
"67","p-Chlorophenethylic alcohol","Sensitiser",67,"Fold5","Non",NA,NA,TRUE,"Non",NA,NA,TRUE,"Non",0.61492428276348,0.38507571723652,FALSE,"Non",0.61492428276348,0.38507571723652
"68","Cyclohex-3-ene-1-carboxylic acid","Sensitiser",68,"Fold1","Non",NA,NA,TRUE,"Sensitiser",0.288,0.712,FALSE,"Non",0.529824975842792,0.470175024157208,FALSE,"Sensitiser",0.408912487921396,0.591087512078604
"69","3,5-Diamino-2,6-dimethoxypyridin-dihydrochloride","Sensitiser",69,"Fold1","Non",NA,NA,TRUE,"Sensitiser",0.446,0.554,FALSE,"Non",0.515578510678393,0.484421489321607,FALSE,"Non",0.480789255339196,0.519210744660804
"70","1,3-Bis-(2,4-diaminophenoxy)-propan x 4HCl (HC Blue 16)","Sensitiser",70,"Fold1","Sensitiser",0.357748814223405,0.642251185776595,FALSE,"Sensitiser",0.444,0.556,FALSE,"Sensitiser",0.252084296169507,0.747915703830493,FALSE,"Sensitiser",0.351277703464304,0.648722296535696
"71","4,4-Dibromobenzil","Sensitiser",71,"Fold4","Sensitiser",0.403768914297413,0.596231085702587,FALSE,"Sensitiser",0.378,0.622,FALSE,"Sensitiser",0.419687603956085,0.580312396043915,FALSE,"Sensitiser",0.400485506084499,0.599514493915501
"72","N,N-Dibutylaniline","Sensitiser",72,"Fold5","Non",NA,NA,TRUE,"Non",0.504,0.496,FALSE,"Non",0.566304682769731,0.433695317230269,FALSE,"Non",0.535152341384866,0.464847658615134
"73","2’,4’-Dihydroxylchalcone","Sensitiser",73,"Fold1","Non",0.549723019510101,0.450276980489899,FALSE,"Non",0.59,0.41,FALSE,"Sensitiser",0.153274463610606,0.846725536389394,FALSE,"Sensitiser",0.430999161040236,0.569000838959764
"74","Bis-3,4-epoxycyclohexyl-ethyl-phenyl-methylsilane (Ph-Sil)","Sensitiser",74,"Fold5","Non",NA,NA,TRUE,"Sensitiser",0.49,0.51,FALSE,"Sensitiser",0.450765946044613,0.549234053955387,FALSE,"Non",0.470382973022306,0.529617026977694
"75","12-Bromododecanoic acid","Sensitiser",75,"Fold3","Sensitiser",0.14367997584222,0.85632002415778,FALSE,"Sensitiser",0.268,0.732,FALSE,"Non",NA,NA,TRUE,"Sensitiser",0.20583998792111,0.79416001207889
"76","Ethylhexyl acrylate","Sensitiser",76,"Fold5","Sensitiser",0.363620436095176,0.636379563904824,FALSE,"Sensitiser",0.338,0.662,FALSE,"Sensitiser",0.451281163342443,0.548718836657557,FALSE,"Sensitiser",0.384300533145873,0.615699466854127
"77","4’-Hydroxy chalcone","Sensitiser",77,"Fold1","Sensitiser",0.242820946204733,0.757179053795267,FALSE,"Sensitiser",0.342,0.658,FALSE,"Sensitiser",0.138406895881728,0.861593104118272,FALSE,"Sensitiser",0.241075947362154,0.758924052637846
"78","4-( (2-Hydroxyethyl)amino)-3-nitrophenol","Sensitiser",78,"Fold4","Sensitiser",0.488360059354889,0.511639940645111,FALSE,"Sensitiser",0.39,0.61,FALSE,"Sensitiser",0.347676739099373,0.652323260900627,FALSE,"Sensitiser",0.408678932818087,0.591321067181913
"79","2,2-Bis-[4-(2-hydroxy-3 methacryloxypropoxy)phenyl)]-propane (Bis-GMA)","Sensitiser",79,"Fold4","Sensitiser",0.368890467725642,0.631109532274358,FALSE,"Non",0.558,0.442,FALSE,"Sensitiser",0.387462921244005,0.612537078755995,FALSE,"Sensitiser",0.438117796323216,0.561882203676784
"80","Hydroxytyrosol","Sensitiser",80,"Fold2","Non",NA,NA,TRUE,"Non",0.648,0.352,FALSE,"Non",0.535293738319532,0.464706261680468,FALSE,"Non",0.591646869159766,0.408353130840234
"81","Iodopropynyl butylcarbamate","Sensitiser",81,"Fold3","Sensitiser",0.368459285839475,0.631540714160525,FALSE,"Sensitiser",0.452,0.548,FALSE,"Sensitiser",0.478209668191804,0.521790331808196,FALSE,"Sensitiser",0.43288965134376,0.56711034865624
"82","(5R)-5-Isopropenyl-2-methyl-1-methylene-2-cyclohexene","Sensitiser",82,"Fold1","Sensitiser",0.120071293532884,0.879928706467116,FALSE,"Sensitiser",0.36,0.64,FALSE,"Sensitiser",0.22247635162015,0.77752364837985,FALSE,"Sensitiser",0.234182548384345,0.765817451615655
"83","Linalool aldehyde","Sensitiser",83,"Fold5","Sensitiser",0.188618860747085,0.811381139252915,FALSE,"Sensitiser",0.436,0.564,FALSE,"Sensitiser",0.25202664927874,0.74797335072126,FALSE,"Sensitiser",0.292215170008608,0.707784829991392
"84","Methyl acrylate","Sensitiser",84,"Fold1","Non",NA,NA,TRUE,"Non",NA,NA,TRUE,"Non",0.565967545159232,0.434032454840768,FALSE,"Non",0.565967545159232,0.434032454840768
"85","alpha-Methyl-1,3-benzodioxole-5-propionaldehyde","Sensitiser",85,"Fold2","Non",0.501845527234343,0.498154472765657,FALSE,"Non",0.532,0.468,FALSE,"Sensitiser",0.404640290934469,0.595359709065531,FALSE,"Sensitiser",0.479495272722937,0.520504727277063
"86","alpha-iso-Methylionone","Sensitiser",86,"Fold1","Sensitiser",0.135965786515278,0.864034213484722,FALSE,"Sensitiser",0.276,0.724,FALSE,"Sensitiser",0.157925844682856,0.842074155317144,FALSE,"Sensitiser",0.189963877066045,0.810036122933955
"87","Methyl 2-octynoate","Sensitiser",87,"Fold5","Sensitiser",0.483881748138176,0.516118251861823,FALSE,"Sensitiser",0.43,0.57,FALSE,"Sensitiser",0.375613959872307,0.624386040127693,FALSE,"Sensitiser",0.429831902670161,0.570168097329839
"88","3-Methyl-1-phenylpyrazole","Sensitiser",88,"Fold3","Sensitiser",0.306613563569741,0.693386436430259,FALSE,"Sensitiser",0.258,0.742,FALSE,"Sensitiser",0.471804139190432,0.528195860809568,FALSE,"Sensitiser",0.345472567586724,0.654527432413276
"89","4-Nitro-benzene-1,2-diamine","Sensitiser",89,"Fold4","Sensitiser",0.213710730026541,0.786289269973459,FALSE,"Sensitiser",0.38,0.62,FALSE,"Sensitiser",0.353161415483917,0.646838584516083,FALSE,"Sensitiser",0.315624048503486,0.684375951496514
"90","Nonanoyl amido caproylacid oxybenzenesulphonate","Sensitiser",90,"Fold3","Sensitiser",0.0717939454333413,0.928206054566659,FALSE,"Sensitiser",0.32,0.68,FALSE,"Sensitiser",0.451180198913726,0.548819801086274,FALSE,"Sensitiser",0.280991381449022,0.719008618550978
"91","4-Allylanisole","Sensitiser",91,"Fold4","Sensitiser",0.156300536241486,0.843699463758514,FALSE,"Sensitiser",0.152,0.848,FALSE,"Sensitiser",0.177805400288588,0.822194599711412,FALSE,"Sensitiser",0.162035312176691,0.837964687823309
"92","alpha-Phellandrene","Sensitiser",92,"Fold5","Sensitiser",0.260690147787099,0.7393098522129,FALSE,"Sensitiser",0.248,0.752,FALSE,"Sensitiser",0.224130367547802,0.775869632452198,FALSE,"Sensitiser",0.244273505111634,0.755726494888366
"93","beta-Phellandrene","Sensitiser",93,"Fold3","Sensitiser",0.420512434823611,0.579487565176389,FALSE,"Sensitiser",0.49,0.51,FALSE,"Sensitiser",0.394658328182157,0.605341671817843,FALSE,"Sensitiser",0.435056921001923,0.564943078998077
"94","beta-Phenylcinnamaldehyde","Sensitiser",94,"Fold4","Sensitiser",0.0315884411539965,0.968411558846003,FALSE,"Sensitiser",0.142,0.858,FALSE,"Sensitiser",0.180059228344311,0.819940771655689,FALSE,"Sensitiser",0.117882556499436,0.882117443500564
"95","alpha-Terpinene","Sensitiser",95,"Fold4","Sensitiser",0.383138411846085,0.616861588153915,FALSE,"Sensitiser",0.476,0.524,FALSE,"Sensitiser",0.315506434677031,0.684493565322969,FALSE,"Sensitiser",0.391548282174372,0.608451717825628
"96","2’,3’,4’-Trihydroxy chalcone","Sensitiser",96,"Fold3","Sensitiser",0.106270773488962,0.893729226511038,FALSE,"Sensitiser",0.354,0.646,FALSE,"Sensitiser",0.162110052363177,0.837889947636823,FALSE,"Sensitiser",0.207460275284046,0.792539724715954
"97","Tropolone","Sensitiser",97,"Fold5","Sensitiser",0.0762872649081112,0.923712735091889,FALSE,"Sensitiser",0.268,0.732,FALSE,"Sensitiser",0.265157913136664,0.734842086863336,FALSE,"Sensitiser",0.203148392681592,0.796851607318408
"98","3-Bromomethyl-5,5-dimethyl-dihydro-2(3H)-furanone","Sensitiser",98,"Fold3","Non",NA,NA,TRUE,"Non",NA,NA,TRUE,"Non",NA,NA,TRUE,NA,NA,NA
"99","1,5-Dimethyl-3-(1-oxo-2-propenyl)-4-phenyl-2-imidazolidinone","Sensitiser",99,"Fold2","Sensitiser",0.266394804514606,0.733605195485394,FALSE,"Non",NA,NA,TRUE,"Non",NA,NA,TRUE,"Sensitiser",0.266394804514606,0.733605195485394
"100","2-Amino-6-chloro-4-nitrophenol","Sensitiser",100,"Fold2","Sensitiser",0.125436386126053,0.874563613873947,FALSE,"Sensitiser",0.244,0.756,FALSE,"Sensitiser",0.254147988358132,0.745852011641868,FALSE,"Sensitiser",0.207861458161395,0.792138541838605
"101","14-Hydroxynor-morphinone","Sensitiser",101,"Fold2","Non",0.618921946747692,0.381078053252308,FALSE,"Non",NA,NA,TRUE,"Non",0.513668079022994,0.486331920977006,FALSE,"Non",0.566295012885343,0.433704987114657
"102","1-Chloro-2,4- dinitrobenzene","Sensitiser",102,"Fold5","Sensitiser",0.400634643190456,0.599365356809545,FALSE,"Sensitiser",0.406,0.594,FALSE,"Sensitiser",0.460536037357301,0.539463962642699,FALSE,"Sensitiser",0.422390226849252,0.577609773150748
"103","1-Methyl-3-nitro- nitrosoguanidine","Sensitiser",103,"Fold2","Non",0.542560282450628,0.457439717549372,FALSE,"Non",NA,NA,TRUE,"Sensitiser",0.451097395028803,0.548902604971197,FALSE,"Non",0.496828838739716,0.503171161260284
"104","2-(4-Amino-2nitro-phenylamino)-ethanol","Sensitiser",104,"Fold4","Sensitiser",0.364632455170766,0.635367544829234,FALSE,"Sensitiser",0.392,0.608,FALSE,"Sensitiser",0.435310885036494,0.564689114963506,FALSE,"Sensitiser",0.397314446735753,0.602685553264247
"105","2-[1-(4-Bromophenyl)-1-phenylethoxy]-N,N-dimethyl-ethanamine hydrochloride","Sensitiser",105,"Fold2","Non",NA,NA,TRUE,"Non",NA,NA,TRUE,"Non",NA,NA,TRUE,NA,NA,NA
"106","2-Benzyl-tert-butylamino-3'-hydroxymethyl-4'-hydroxyaceto-phenone","Sensitiser",106,"Fold4","Non",0.598330576321082,0.401669423678918,FALSE,"Non",NA,NA,TRUE,"Non",NA,NA,TRUE,"Non",0.598330576321082,0.401669423678918
"107","2-Bromo-5-hydroxy-benzaldehyde","Sensitiser",107,"Fold2","Sensitiser",0.194692785894715,0.805307214105285,FALSE,"Sensitiser",0.48,0.52,FALSE,"Non",NA,NA,TRUE,"Sensitiser",0.337346392947357,0.662653607052643
"108","3,4-Dichloroaniline hydrochloride","Sensitiser",108,"Fold4","Sensitiser",0.21258893651312,0.78741106348688,FALSE,"Sensitiser",0.27,0.73,FALSE,"Non",0.550000991940385,0.449999008059615,FALSE,"Sensitiser",0.344196642817835,0.655803357182165
"109","3-Fluoro-5-(3-pyridinyl)benzen-amine","Sensitiser",109,"Fold1","Non",NA,NA,TRUE,"Non",NA,NA,TRUE,"Non",0.597842800446951,0.402157199553049,FALSE,"Non",0.597842800446951,0.402157199553049
"110","a-Hexyl cinnamic aldehyde","Sensitiser",110,"Fold4","Sensitiser",0.228888238574892,0.771111761425108,FALSE,"Sensitiser",0.494,0.506,FALSE,"Non",NA,NA,TRUE,"Sensitiser",0.361444119287446,0.638555880712554
"111","Dinocap","Sensitiser",111,"Fold2","Sensitiser",0.36514011254812,0.63485988745188,FALSE,"Sensitiser",0.4,0.6,FALSE,"Sensitiser",0.36579064958082,0.63420935041918,FALSE,"Sensitiser",0.376976920709647,0.623023079290353
"112","N-(4-Methoxyphenyl)-3-oxobutanamide","Sensitiser",112,"Fold4","Non",NA,NA,TRUE,"Non",NA,NA,TRUE,"Non",NA,NA,TRUE,NA,NA,NA
"113","Norbornene fluoroalcohol","Sensitiser",113,"Fold3","Non",NA,NA,TRUE,"Non",NA,NA,TRUE,"Non",0.620842895878683,0.379157104121317,FALSE,"Non",0.620842895878683,0.379157104121317
"114","Veratraldehyde","Sensitiser",114,"Fold2","Sensitiser",0.395683897470858,0.604316102529142,FALSE,"Non",NA,NA,TRUE,"Non",NA,NA,TRUE,"Non",0.395683897470858,0.604316102529142
"115","alpha-Butyl cinnamic aldehyde","Sensitiser",115,"Fold4","Sensitiser",0.0193015170992387,0.980698482900761,FALSE,"Sensitiser",0.186,0.814,FALSE,"Sensitiser",0.26734431040703,0.73265568959297,FALSE,"Sensitiser",0.157548609168756,0.842451390831244
"116","(3R,3aS,6aR)-Hexahydrofuro[2,3-b]furan-3-yl 4-nitrophenyl carbonate","Sensitiser",116,"Fold1","Non",NA,NA,TRUE,"Non",0.634,0.366,FALSE,"Non",0.561111513229496,0.438888486770504,FALSE,"Non",0.597555756614748,0.402444243385252
"117","1-(Prop-2-enoyloxy)-2-[(prop-2-enoyloxy)methyl]pentan-3-yl prop-2-enoate","Sensitiser",117,"Fold3","Non",NA,NA,TRUE,"Non",NA,NA,TRUE,"Non",NA,NA,TRUE,NA,NA,NA
"118","1,1-Dimethylethyl3-[[[[(3s)-2,3,4,5-tetrahydro-1-[2-[(1-methylethyl)pheny lamino]-2-oxoethyl]-2,4-dioxo-5-phenyl-1h-1,5-benzodiazepin-3-yl]amino]carbonyl]amino]benzoate","Sensitiser",118,"Fold5","Non",NA,NA,TRUE,"Non",NA,NA,TRUE,"Sensitiser",0.485498733556574,0.514501266443426,FALSE,"Non",0.485498733556574,0.514501266443426
"119","p-tert-Butyl-alpha-ethyl hydrocinnamal (Lilial)","Sensitiser",119,"Fold5","Sensitiser",0.116881153741125,0.883118846258875,FALSE,"Sensitiser",0.13,0.87,FALSE,"Sensitiser",0.265150691178312,0.734849308821688,FALSE,"Sensitiser",0.170677281639812,0.829322718360188
"120","1,3-Benzodioxazole-5- sulphonyl chloride","Sensitiser",120,"Fold5","Sensitiser",0.341781765563321,0.658218234436679,FALSE,"Non",0.58,0.42,FALSE,"Non",0.526281953160374,0.473718046839626,FALSE,"Sensitiser",0.482687906241232,0.517312093758768
"121","2,4-Dichloro-pyrimidine","Sensitiser",121,"Fold1","Non",NA,NA,TRUE,"Non",NA,NA,TRUE,"Non",NA,NA,TRUE,NA,NA,NA
"122","2-Amino-6-chloro- 4-nitrophenol","Sensitiser",122,"Fold5","Sensitiser",0.0893454078050222,0.910654592194978,FALSE,"Sensitiser",0.316,0.684,FALSE,"Sensitiser",0.331261870186781,0.668738129813219,FALSE,"Sensitiser",0.245535759330601,0.754464240669399
"123","2-Chloro-1-[(3- fluorophenyl)- methoxy]-4-nitrobenzene","Sensitiser",123,"Fold5","Non",0.525379160431511,0.474620839568489,FALSE,"Non",0.534,0.466,FALSE,"Non",0.573311009594266,0.426688990405734,FALSE,"Non",0.544230056675259,0.455769943324741
"124","3-Chloro-4-fluorobenzoylchloride","Sensitiser",124,"Fold2","Sensitiser",0.165552846884207,0.834447153115793,FALSE,"Sensitiser",0.384,0.616,FALSE,"Non",0.548653451896565,0.451346548103435,FALSE,"Sensitiser",0.366068766260257,0.633931233739743
"125","3-Methyl catechol","Sensitiser",125,"Fold5","Sensitiser",0.392091892370273,0.607908107629727,FALSE,"Sensitiser",0.43,0.57,FALSE,"Sensitiser",0.478179166738009,0.521820833261991,FALSE,"Sensitiser",0.433423686369427,0.566576313630573
"126","4-Carboxyphenylacetate","Sensitiser",126,"Fold3","Non",0.635708520351631,0.364291479648369,FALSE,"Non",NA,NA,TRUE,"Non",NA,NA,TRUE,"Non",0.635708520351631,0.364291479648369
"127","4-Chloro-6- iodoquinazoline","Sensitiser",127,"Fold1","Non",0.563559951991809,0.436440048008191,FALSE,"Non",0.606,0.394,FALSE,"Non",0.607135717141721,0.392864282858279,FALSE,"Non",0.592231889711177,0.407768110288823
"128","4-Iodo-1-phthalimido-pentane","Sensitiser",128,"Fold2","Non",0.624063712821836,0.375936287178164,FALSE,"Non",NA,NA,TRUE,"Non",0.566834321121831,0.433165678878169,FALSE,"Non",0.595449016971834,0.404550983028166
"129","5-(prop-1-en-1-yl)-2-(propan-2-yloxy)phenol","Sensitiser",129,"Fold3","Non",0.545687318400834,0.454312681599166,FALSE,"Non",0.55,0.45,FALSE,"Non",NA,NA,TRUE,"Non",0.547843659200417,0.452156340799583
"130","5-Chloro-2,6- dimethoxy-4- methyl-8- nitroquinoline","Sensitiser",130,"Fold5","Non",NA,NA,TRUE,"Non",NA,NA,TRUE,"Non",0.630059750072394,0.369940249927606,FALSE,"Non",0.630059750072394,0.369940249927606
"131","5-Chloro-6-methoxy-4-methyl-8-nitro-2(1h)quinolinone","Sensitiser",131,"Fold4","Non",NA,NA,TRUE,"Sensitiser",0.486,0.514,FALSE,"Sensitiser",0.42894894986926,0.57105105013074,FALSE,"Non",0.45747447493463,0.54252552506537
"132","5-methyl-2-phenyl-2,4-dihydro-pyrazol-3-one (Phenylmethylpyrazole;  A039)","Sensitiser",132,"Fold3","Sensitiser",0.444017923702035,0.555982076297965,FALSE,"Non",0.638,0.362,FALSE,"Non",0.605310722816871,0.394689277183129,FALSE,"Non",0.562442882172969,0.437557117827031
"133","6-[(2-Methyl-3-pyridinyl)oxy]-3-pyridinamine","Sensitiser",133,"Fold1","Non",NA,NA,TRUE,"Non",NA,NA,TRUE,"Non",NA,NA,TRUE,NA,NA,NA
"134","7-[(4z)-3-(Aminomethyl)-4-(methoxyimino)-1 -pyrrolidinyl]-1-cyclopropyl-6-fluoro-1,4-dihydro-4-oxo-1,8-naphthyridine-3 -carboxylic acid,monomethane-sulfonate","Sensitiser",134,"Fold1","Sensitiser",0.482630719205846,0.517369280794154,FALSE,"Non",0.614,0.386,FALSE,"Sensitiser",0.487964549062463,0.512035450937537,FALSE,"Non",0.528198422756103,0.471801577243897
"135","C6 Azlactone","Sensitiser",135,"Fold4","Sensitiser",0.0789704586951263,0.921029541304874,FALSE,"Sensitiser",0.09,0.91,FALSE,"Sensitiser",0.295713639577022,0.704286360422978,FALSE,"Sensitiser",0.154894699424049,0.845105300575951
"136","Benzalkonium chloride","Sensitiser",136,"Fold3","Non",NA,NA,TRUE,"Non",0.644,0.356,FALSE,"Non",NA,NA,TRUE,"Non",0.644,0.356
"137","Disperse Violet 1 (1,4-diamino-9,10-anthracenedione)","Sensitiser",137,"Fold3","Non",0.576224233790047,0.423775766209953,FALSE,"Non",0.542,0.458,FALSE,"Non",NA,NA,TRUE,"Non",0.559112116895023,0.440887883104977
"138","Ethyl 4-iodobenzoate","Sensitiser",138,"Fold2","Sensitiser",0.309321359388567,0.690678640611433,FALSE,"Non",0.64,0.36,FALSE,"Non",0.646641996044601,0.353358003955399,FALSE,"Non",0.531987785144389,0.468012214855611
"139","C9 Azlactone","Sensitiser",139,"Fold1","Sensitiser",0.0554022276689018,0.944597772331098,FALSE,"Sensitiser",0.046,0.954,FALSE,"Sensitiser",0.130878862082272,0.869121137917728,FALSE,"Sensitiser",0.0774270299170579,0.922572970082942
"140","Imidazolidinyl urea","Sensitiser",140,"Fold1","Sensitiser",0.334093127468063,0.665906872531937,FALSE,"Non",0.534,0.466,FALSE,"Sensitiser",0.482655017289523,0.517344982710477,FALSE,"Sensitiser",0.450249381585862,0.549750618414138
"141","Methyl 4-(bromomethyl)benzoate","Sensitiser",141,"Fold4","Sensitiser",0.427172331103455,0.572827668896545,FALSE,"Non",0.524,0.476,FALSE,"Non",NA,NA,TRUE,"Non",0.475586165551728,0.524413834448272
"142","N-(3,4-Dichlorophenyl)-n'- (1-methylethyl)- imidodicarbon-imidic diamide monohydrochloride","Sensitiser",142,"Fold1","Sensitiser",0.112849842044392,0.887150157955608,FALSE,"Sensitiser",0.444,0.556,FALSE,"Sensitiser",0.487741082621497,0.512258917378503,FALSE,"Sensitiser",0.34819697488863,0.65180302511137
"143","N,N-dimethyl-4-nitrosoaniline","Sensitiser",143,"Fold4","Non",NA,NA,TRUE,"Non",0.642,0.358,FALSE,"Non",0.57910075901418,0.42089924098582,FALSE,"Non",0.61055037950709,0.38944962049291
"144","N-[2-(Diethylamino)ethyl]-2-[[(4-fluorophenyl)-methyl]thio]-4,5,6,7-tetrahydro-4-oxo-n-[[4'-(trifluoromethyl)-[1,1'-biphenyl]-4-yl]methyl]-1h-cyclopentapyrim-idine-1-acetamide","Sensitiser",144,"Fold5","Non",NA,NA,TRUE,"Non",NA,NA,TRUE,"Sensitiser",0.433397970873704,0.566602029126296,FALSE,"Non",0.433397970873704,0.566602029126296
"145","N-Isopropyl-n-phenyl-2-(2-phenylamino-phenylamino)-acetamide","Sensitiser",145,"Fold2","Non",NA,NA,TRUE,"Non",NA,NA,TRUE,"Non",0.58721216093458,0.41278783906542,FALSE,"Non",0.58721216093458,0.41278783906542
"146","Oripavine","Sensitiser",146,"Fold3","Sensitiser",0.226076046453408,0.773923953546592,FALSE,"Non",0.578,0.422,FALSE,"Sensitiser",0.497369841888985,0.502630158111015,FALSE,"Sensitiser",0.433815296114131,0.566184703885869
"147","Phthalic anhydride","Sensitiser",147,"Fold1","Non",NA,NA,TRUE,"Non",0.586,0.414,FALSE,"Non",NA,NA,TRUE,"Non",0.586,0.414
"148","Sodium-3,3,5-trimethyl-benzenesulfonate","Sensitiser",148,"Fold1","Non",0.557215717979083,0.442784282020917,FALSE,"Non",NA,NA,TRUE,"Non",NA,NA,TRUE,"Non",0.557215717979083,0.442784282020917
"149","Squalene","Sensitiser",149,"Fold4","Sensitiser",0.304969694916687,0.695030305083313,FALSE,"Non",0.542,0.458,FALSE,"Sensitiser",0.431181220258447,0.568818779741553,FALSE,"Sensitiser",0.426050305058378,0.573949694941622
"150","Tetrachlorosalicylanilide","Sensitiser",150,"Fold4","Non",NA,NA,TRUE,"Non",NA,NA,TRUE,"Sensitiser",0.435689175931753,0.564310824068247,FALSE,"Non",0.435689175931753,0.564310824068247
"151","2-(4-Amino-2-nitrophenylamino)-ethanol (HC Red No.3)","Sensitiser",151,"Fold2","Sensitiser",0.110786692366576,0.889213307633424,FALSE,"Sensitiser",0.238,0.762,FALSE,"Sensitiser",0.168904441788942,0.831095558211058,FALSE,"Sensitiser",0.172563711385173,0.827436288614827
"152","C15 Azlactone","Sensitiser",152,"Fold5","Sensitiser",0.0372320034705031,0.962767996529497,FALSE,"Sensitiser",0.07,0.93,FALSE,"Sensitiser",0.108283403878242,0.891716596121758,FALSE,"Sensitiser",0.0718384691162484,0.928161530883752
"153","Trifluralin","Sensitiser",153,"Fold5","Non",NA,NA,TRUE,"Non",0.606,0.394,FALSE,"Sensitiser",0.463508586687677,0.536491413312323,FALSE,"Non",0.534754293343839,0.465245706656161
"154","C17 Azlactone","Sensitiser",154,"Fold1","Sensitiser",0.140144986946839,0.859855013053161,FALSE,"Sensitiser",0.264,0.736,FALSE,"Sensitiser",0.0984604205880596,0.90153957941194,FALSE,"Sensitiser",0.167535135844966,0.832464864155034
"155","Camphorquinone","Sensitiser",155,"Fold4","Sensitiser",0.254629142241392,0.745370857758608,FALSE,"Sensitiser",0.32,0.68,FALSE,"Sensitiser",0.487355364163357,0.512644635836643,FALSE,"Sensitiser",0.35399483546825,0.64600516453175
"156","1-Chloro-2,4-dinitrobenzene","Sensitiser",156,"Fold5","Non",0.61578252900367,0.38421747099633,FALSE,"Non",0.544,0.456,FALSE,"Sensitiser",0.411046489615973,0.588953510384027,FALSE,"Non",0.523609672873214,0.476390327126786
"157","5-Chloro-2-methyl-4-isothiazolin-3-one","Sensitiser",157,"Fold3","Sensitiser",0.283484534516264,0.716515465483736,FALSE,"Sensitiser",0.368,0.632,FALSE,"Sensitiser",0.450273371494426,0.549726628505574,FALSE,"Sensitiser",0.367252635336897,0.632747364663103
"158","2-Aminophenol","Sensitiser",158,"Fold3","Sensitiser",0.233519147908075,0.766480852091925,FALSE,"Sensitiser",0.242,0.758,FALSE,"Sensitiser",0.368089407935499,0.631910592064501,FALSE,"Sensitiser",0.281202851947858,0.718797148052142
"159","Cinnamic alcohol","Sensitiser",159,"Fold2","Sensitiser",0.454103810085299,0.545896189914701,FALSE,"Sensitiser",0.408,0.592,FALSE,"Sensitiser",0.392384210150481,0.607615789849519,FALSE,"Sensitiser",0.418162673411927,0.581837326588073
"160","Clotrimazole","Sensitiser",160,"Fold3","Sensitiser",0.142203623363627,0.857796376636373,FALSE,"Sensitiser",0.34,0.66,FALSE,"Sensitiser",0.474228477065821,0.525771522934179,FALSE,"Sensitiser",0.318810700143149,0.681189299856851
"161","Cyclamen aldehyde","Sensitiser",161,"Fold1","Sensitiser",0.0832909586909386,0.916709041309061,FALSE,"Sensitiser",0.16,0.84,FALSE,"Sensitiser",0.234850163430355,0.765149836569645,FALSE,"Sensitiser",0.159380374040431,0.840619625959569
"162","1,2-Dibromo-2,4-dicyanobutane","Sensitiser",162,"Fold2","Non",NA,NA,TRUE,"Non",NA,NA,TRUE,"Sensitiser",0.440345242823673,0.559654757176327,FALSE,"Non",0.440345242823673,0.559654757176327
"163","3-Aminophenol","Sensitiser",163,"Fold2","Sensitiser",0.0712403369671394,0.928759663032861,FALSE,"Sensitiser",0.072,0.928,FALSE,"Sensitiser",0.382766436831046,0.617233563168954,FALSE,"Sensitiser",0.175335591266062,0.824664408733938
"164","Diethyl maleate","Sensitiser",164,"Fold1","Non",0.592530246268135,0.407469753731865,FALSE,"Non",0.572,0.428,FALSE,"Sensitiser",0.448391653842294,0.551608346157706,FALSE,"Non",0.537640633370143,0.462359366629857
"165","1-(2',5'-Diethylphenyl)butane-1,3-dione","Sensitiser",165,"Fold1","Sensitiser",0.100452031948858,0.899547968051142,FALSE,"Sensitiser",0.384,0.616,FALSE,"Non",0.552528349641941,0.447471650358059,FALSE,"Sensitiser",0.345660127196933,0.654339872803067
"166","3,4-Dihydrocoumarin","Sensitiser",166,"Fold2","Non",NA,NA,TRUE,"Non",NA,NA,TRUE,"Non",0.520597058490216,0.479402941509784,FALSE,"Non",0.520597058490216,0.479402941509784
"167","1,4-Dihydroquinone","Sensitiser",167,"Fold3","Sensitiser",0.39189160340315,0.60810839659685,FALSE,"Sensitiser",0.384,0.616,FALSE,"Sensitiser",0.414708575469693,0.585291424530307,FALSE,"Sensitiser",0.396866726290948,0.603133273709052
"168","7,12-Dimethylbenz[alpha]anthracene","Sensitiser",168,"Fold1","Sensitiser",0.231518614104104,0.768481385895896,FALSE,"Sensitiser",0.274,0.726,FALSE,"Sensitiser",0.353106529113815,0.646893470886185,FALSE,"Sensitiser",0.28620838107264,0.71379161892736
"169","1-(2',5'-Dimethylphenyl)butane-1,3-dione","Sensitiser",169,"Fold1","Sensitiser",0.0922824852695966,0.907717514730403,FALSE,"Sensitiser",0.376,0.624,FALSE,"Non",NA,NA,TRUE,"Sensitiser",0.234141242634798,0.765858757365201
"170","Dodecyl methane sulfonate","Sensitiser",170,"Fold1","Sensitiser",0.332786063350757,0.667213936649243,FALSE,"Sensitiser",0.21,0.79,FALSE,"Sensitiser",0.493604791688017,0.506395208311983,FALSE,"Sensitiser",0.345463618346258,0.654536381653742
"171","4-Ethoxymethylene-2-phenyl-2-oxazolin-5-one (oxazolone)","Sensitiser",171,"Fold1","Non",NA,NA,TRUE,"Non",0.578,0.422,FALSE,"Sensitiser",0.486931891739477,0.513068108260523,FALSE,"Non",0.532465945869738,0.467534054130262
"172","N-Ethyl-N-nitrosourea","Sensitiser",172,"Fold2","Non",0.527729587810892,0.472270412189108,FALSE,"Sensitiser",0.434,0.566,FALSE,"Sensitiser",0.306157316310696,0.693842683689304,FALSE,"Sensitiser",0.422628968040529,0.577371031959471
"173","Farnesal","Sensitiser",173,"Fold4","Sensitiser",0.104641279900095,0.895358720099905,FALSE,"Sensitiser",0.202,0.798,FALSE,"Sensitiser",0.121209366797597,0.878790633202403,FALSE,"Sensitiser",0.142616882232564,0.857383117767436
"174","Fluorescein-5-isothiocyanate","Sensitiser",174,"Fold1","Non",NA,NA,TRUE,"Non",0.582,0.418,FALSE,"Sensitiser",0.488010993772331,0.511989006227669,FALSE,"Non",0.535005496886165,0.464994503113835
"175","Glycerol","Non",175,"Fold1","Non",0.955575731476631,0.0444242685233686,FALSE,"Non",0.902,0.098,FALSE,"Non",0.783274685089064,0.216725314910936,FALSE,"Non",0.880283472188565,0.119716527811435
"176","Hexane","Non",176,"Fold5","Non",0.880405387790211,0.119594612209789,FALSE,"Non",0.856,0.144,FALSE,"Non",0.746789524933614,0.253210475066386,FALSE,"Non",0.827731637574608,0.172268362425392
"177","4-Hydroxybenzoic acid","Non",177,"Fold4","Non",0.961735016183094,0.038264983816906,FALSE,"Non",0.876,0.124,FALSE,"Non",0.715883050580989,0.284116949419011,FALSE,"Non",0.851206022254694,0.148793977745306
"178","2-Hydroxypropyl methacrylate","Non",178,"Fold2","Non",0.637666088975275,0.362333911024725,FALSE,"Sensitiser",NA,NA,TRUE,"Sensitiser",0.420304225663842,0.579695774336158,FALSE,"Sensitiser",0.528985157319559,0.471014842680442
"179","1-Iodohexane","Non",179,"Fold3","Non",0.841304500571768,0.158695499428232,FALSE,"Non",0.884,0.116,FALSE,"Non",0.816635771658396,0.183364228341604,FALSE,"Non",0.847313424076721,0.152686575923279
"180","1-Iodooctadecane","Non",180,"Fold3","Non",0.640788463846304,0.359211536153696,FALSE,"Non",0.65,0.35,FALSE,"Non",0.522767100411546,0.477232899588454,FALSE,"Non",0.604518521419283,0.395481478580717
"181","Benzaldehyde","Non",181,"Fold5","Sensitiser",NA,NA,TRUE,"Sensitiser",0.424,0.576,FALSE,"Non",0.564884898244313,0.435115101755687,FALSE,"Sensitiser",0.494442449122157,0.505557550877843
"182","Isopropanol","Non",182,"Fold5","Non",0.960102826033604,0.0398971739663957,FALSE,"Non",0.92,0.08,FALSE,"Non",0.810768243315602,0.189231756684398,FALSE,"Non",0.896957023116402,0.103042976883598
"183","Isopropyl eugenol","Non",183,"Fold1","Sensitiser",NA,NA,TRUE,"Sensitiser",NA,NA,TRUE,"Sensitiser",NA,NA,TRUE,NA,NA,NA
"184","Kanamycin","Non",184,"Fold2","Non",0.909818591672973,0.0901814083270268,FALSE,"Non",0.646,0.354,FALSE,"Sensitiser",0.437950597641421,0.562049402358579,FALSE,"Non",0.664589729771465,0.335410270228535
"185","Lactic acid","Non",185,"Fold2","Non",0.940112103350063,0.0598878966499367,FALSE,"Non",0.888,0.112,FALSE,"Non",0.812129159102563,0.187870840897437,FALSE,"Non",0.880080420817542,0.119919579182458
"186","4-Methoxyacetophenone","Non",186,"Fold1","Sensitiser",0.365951661652855,0.634048338347145,FALSE,"Non",0.528,0.472,FALSE,"Non",0.66759755365054,0.33240244634946,FALSE,"Non",0.520516405101132,0.479483594898868
"187","6-Methylcoumarin","Non",187,"Fold3","Sensitiser",NA,NA,TRUE,"Sensitiser",0.358,0.642,FALSE,"Non",0.547691875710369,0.45230812428963,FALSE,"Sensitiser",0.452845937855185,0.547154062144815
"188","Methyl hexadecyl sulfonate","Non",188,"Fold5","Sensitiser",NA,NA,TRUE,"Sensitiser",NA,NA,TRUE,"Sensitiser",NA,NA,TRUE,NA,NA,NA
"189","Methyl 4-hydroxybenzoate (methylparaben)","Non",189,"Fold5","Non",0.908481020893858,0.0915189791061422,FALSE,"Non",0.898,0.102,FALSE,"Non",0.767056907130537,0.232943092869463,FALSE,"Non",0.857845976008132,0.142154023991868
"190","Methyl salicylate","Non",190,"Fold2","Non",0.966219856963469,0.0337801430365313,FALSE,"Non",0.902,0.098,FALSE,"Non",0.782872725876105,0.217127274123895,FALSE,"Non",0.883697527613191,0.116302472386809
"191","Benzocaine","Non",191,"Fold4","Non",0.81444217155429,0.18555782844571,FALSE,"Non",0.632,0.368,FALSE,"Non",0.651763057626172,0.348236942373828,FALSE,"Non",0.699401743060154,0.300598256939846
"192","Octanoic acid","Non",192,"Fold1","Sensitiser",NA,NA,TRUE,"Sensitiser",NA,NA,TRUE,"Non",0.728870092054295,0.271129907945705,FALSE,"Non",0.728870092054295,0.271129907945705
"193","Propylene glycol","Non",193,"Fold2","Non",0.937725651505553,0.0622743484944467,FALSE,"Non",0.948,0.052,FALSE,"Non",0.828807699350559,0.171192300649441,FALSE,"Non",0.904844450285371,0.0951555497146292
"194","Propylparaben","Non",194,"Fold2","Non",0.722497863252641,0.277502136747359,FALSE,"Non",0.646,0.354,FALSE,"Non",0.740669130331572,0.259330869668428,FALSE,"Non",0.703055664528071,0.296944335471929
"195","Saccharin","Non",195,"Fold5","Non",0.510208020002245,0.489791979997755,FALSE,"Sensitiser",0.458,0.542,FALSE,"Non",0.513759527712947,0.486240472287053,FALSE,"Sensitiser",0.493989182571731,0.506010817428269
"196","Salicylic acid","Non",196,"Fold2","Non",0.920451967330103,0.0795480326698972,FALSE,"Non",0.852,0.148,FALSE,"Non",0.795183965716438,0.204816034283562,FALSE,"Non",0.855878644348847,0.144121355651153
"197","Streptomycin sulfate","Non",197,"Fold4","Sensitiser",0.469457864568425,0.530542135431574,FALSE,"Sensitiser",0.476,0.524,FALSE,"Sensitiser",0.420306403923715,0.579693596076285,FALSE,"Sensitiser",0.455254756164047,0.544745243835953
"198","Sulfanilamide","Non",198,"Fold2","Non",0.525489640679258,0.474510359320742,FALSE,"Non",0.65,0.35,FALSE,"Non",0.65204103287258,0.34795896712742,FALSE,"Non",0.609176891183946,0.390823108816054
"199","Sulfanilic acid","Non",199,"Fold3","Non",0.82898579772077,0.17101420227923,FALSE,"Non",0.678,0.322,FALSE,"Non",0.678403136679814,0.321596863320186,FALSE,"Non",0.728462978133528,0.271537021866472
"200","Tartaric acid","Non",200,"Fold5","Non",0.930130283903431,0.0698697160965687,FALSE,"Non",0.744,0.256,FALSE,"Non",0.826335624242027,0.173664375757973,FALSE,"Non",0.833488636048486,0.166511363951514
"201","1-(2',3',4',5'-Tetramethylphenyl)-3-(4'-tert-butylphenyl)propane-1,3-dione","Non",201,"Fold3","Non",0.532127399205144,0.467872600794856,FALSE,"Non",0.618,0.382,FALSE,"Sensitiser",NA,NA,TRUE,"Non",0.575063699602572,0.424936300397428
"202","2-Acetylcyclohexanone","Non",202,"Fold1","Sensitiser",NA,NA,TRUE,"Sensitiser",NA,NA,TRUE,"Non",0.503276433118859,0.496723566881141,FALSE,"Sensitiser",0.503276433118859,0.496723566881141
"203","1-(3',4',5'-Trimethoxyphenyl)-4-dimethylpentane-1,3-dione","Non",203,"Fold2","Sensitiser",NA,NA,TRUE,"Sensitiser",0.432,0.568,FALSE,"Sensitiser",0.380286256492597,0.619713743507403,FALSE,"Sensitiser",0.406143128246299,0.593856871753701
"204","Vanillin","Non",204,"Fold5","Non",0.686989305815563,0.313010694184437,FALSE,"Non",0.724,0.276,FALSE,"Non",0.55541329844208,0.44458670155792,FALSE,"Non",0.655467534752548,0.344532465247452
"205","Vinylidene dichloride","Non",205,"Fold3","Non",0.797019335181592,0.202980664818408,FALSE,"Non",0.824,0.176,FALSE,"Non",0.611333480256342,0.388666519743658,FALSE,"Non",0.744117605145978,0.255882394854022
"206","Bis-1,3-(2',5'-dimethylphenyl)-propane-1,3-dione","Non",206,"Fold4","Sensitiser",NA,NA,TRUE,"Sensitiser",0.468,0.532,FALSE,"Sensitiser",NA,NA,TRUE,"Sensitiser",0.468,0.532
"207","8-Acetoxycarvotanacetone","Non",207,"Fold2","Sensitiser",NA,NA,TRUE,"Sensitiser",NA,NA,TRUE,"Sensitiser",NA,NA,TRUE,NA,NA,NA
"208","Allyl acetate","Non",208,"Fold4","Sensitiser",0.365171503890346,0.634828496109654,FALSE,"Sensitiser",NA,NA,TRUE,"Non",0.501524088645604,0.498475911354396,FALSE,"Sensitiser",0.433347796267975,0.566652203732025
"209","alpha-Amylcinnamyl alcohol","Non",209,"Fold5","Sensitiser",0.494680800571913,0.505319199428087,FALSE,"Sensitiser",0.358,0.642,FALSE,"Sensitiser",0.390707669172013,0.609292330827987,FALSE,"Sensitiser",0.414462823247975,0.585537176752025
"210","1,2-Benzenedicarboxylic acid, dibutyl ester","Non",210,"Fold1","Non",0.656744189885181,0.343255810114819,FALSE,"Non",0.662,0.338,FALSE,"Non",0.823238799417921,0.176761200582079,FALSE,"Non",0.713994329767701,0.286005670232299
"211","Benzene, 1-methoxy-4-methyl-2-nitro-","Non",211,"Fold5","Sensitiser",0.415813757485438,0.584186242514562,FALSE,"Sensitiser",0.364,0.636,FALSE,"Sensitiser",0.356581722016338,0.643418277983662,FALSE,"Sensitiser",0.378798493167259,0.621201506832741
"212","Benzenepropanol, acetate","Non",212,"Fold3","Sensitiser",NA,NA,TRUE,"Sensitiser",NA,NA,TRUE,"Non",0.546396969078979,0.453603030921021,FALSE,"Sensitiser",0.546396969078979,0.453603030921021
"213","Benzyl alcohol","Non",213,"Fold3","Sensitiser",NA,NA,TRUE,"Sensitiser",NA,NA,TRUE,"Non",0.550057591523722,0.449942408476278,FALSE,"Sensitiser",0.550057591523722,0.449942408476278
"214","1-Bromobutane","Non",214,"Fold2","Non",0.924965314069404,0.0750346859305963,FALSE,"Non",0.914,0.086,FALSE,"Non",0.78615157917141,0.21384842082859,FALSE,"Non",0.875038964413605,0.124961035586395
"215","Butylbenzylphthalate","Non",215,"Fold5","Non",0.883628173407697,0.116371826592303,FALSE,"Non",0.614,0.386,FALSE,"Non",0.729600123436835,0.270399876563165,FALSE,"Non",0.742409432281511,0.257590567718489
"216","Clofibrate","Non",216,"Fold2","Sensitiser",NA,NA,TRUE,"Sensitiser",0.402,0.598,FALSE,"Non",0.536121256242567,0.463878743757433,FALSE,"Sensitiser",0.469060628121284,0.530939371878717
"217","3-Chloro-p-anisaldehyde","Non",217,"Fold3","Non",0.917546435006211,0.0824535649937893,FALSE,"Non",0.712,0.288,FALSE,"Non",0.721690840659076,0.278309159340924,FALSE,"Non",0.783745758555096,0.216254241444904
"218","1-Chloro-3-iodopropane","Non",218,"Fold1","Non",0.737202688660744,0.262797311339256,FALSE,"Non",0.876,0.124,FALSE,"Non",0.784309517447122,0.215690482552878,FALSE,"Non",0.799170735369289,0.200829264630711
"219","2-Chloro-6-nitrotoluene","Non",219,"Fold1","Sensitiser",NA,NA,TRUE,"Sensitiser",0.38,0.62,FALSE,"Sensitiser",NA,NA,TRUE,"Sensitiser",0.38,0.62
"220","Crotonyl thioglycerol","Non",220,"Fold3","Sensitiser",NA,NA,TRUE,"Sensitiser",0.458,0.542,FALSE,"Sensitiser",0.448733713177778,0.551266286822222,FALSE,"Sensitiser",0.453366856588889,0.546633143411111
"221","Cyclooctanol","Non",221,"Fold3","Non",0.955507863130295,0.0444921368697045,FALSE,"Non",0.898,0.102,FALSE,"Non",0.834055460680847,0.165944539319153,FALSE,"Non",0.895854441270381,0.104145558729619
"222","Cyclopentanepropanol","Non",222,"Fold1","Non",0.861790428904941,0.138209571095059,FALSE,"Non",0.796,0.204,FALSE,"Non",0.787204864499338,0.212795135500662,FALSE,"Non",0.81499843113476,0.18500156886524
"223","N,N-Diethyl-m-toluamide (DEET)","Non",223,"Fold2","Sensitiser",NA,NA,TRUE,"Sensitiser",NA,NA,TRUE,"Non",0.567069455195023,0.432930544804977,FALSE,"Sensitiser",0.567069455195023,0.432930544804977
"224","2’-4-Dihydroxychalcone","Non",224,"Fold5","Sensitiser",NA,NA,TRUE,"Sensitiser",NA,NA,TRUE,"Sensitiser",NA,NA,TRUE,NA,NA,NA
"225","2,6-Dimethylbenzoic acid","Non",225,"Fold3","Sensitiser",NA,NA,TRUE,"Sensitiser",NA,NA,TRUE,"Sensitiser",NA,NA,TRUE,NA,NA,NA
"226","3,4-Epoxyclohexylethyl-cyclopolymethylsiloxane (Tet-sil)","Non",226,"Fold5","Non",0.617298772879221,0.382701227120779,FALSE,"Non",0.534,0.466,FALSE,"Sensitiser",0.433360120340573,0.566639879659427,FALSE,"Non",0.528219631073265,0.471780368926735
"227","Equol","Non",227,"Fold4","Sensitiser",NA,NA,TRUE,"Sensitiser",NA,NA,TRUE,"Sensitiser",NA,NA,TRUE,NA,NA,NA
"228","Ethanol, 2-butoxy-, acetate","Non",228,"Fold4","Non",0.796983793885306,0.203016206114694,FALSE,"Non",0.556,0.444,FALSE,"Non",0.72405813976961,0.27594186023039,FALSE,"Non",0.692347311218305,0.307652688781695
"229","2-Fluoro-5-nitroaniline","Non",229,"Fold2","Sensitiser",NA,NA,TRUE,"Sensitiser",NA,NA,TRUE,"Sensitiser",NA,NA,TRUE,NA,NA,NA
"230","Geranyl nitrile","Non",230,"Fold1","Sensitiser",NA,NA,TRUE,"Sensitiser",NA,NA,TRUE,"Non",0.500228464146452,0.499771535853548,FALSE,"Sensitiser",0.500228464146452,0.499771535853548
"231","2-Hydroxybenzothiazole","Non",231,"Fold3","Sensitiser",0.404162013176722,0.595837986823278,FALSE,"Non",0.646,0.354,FALSE,"Non",0.502678451104827,0.497321548895173,FALSE,"Non",0.51761348809385,0.48238651190615
"232","(s)-2-Hydroxy-2-methylsuccinic acid","Non",232,"Fold1","Non",0.827911961241114,0.172088038758886,FALSE,"Non",0.668,0.332,FALSE,"Non",0.782520390356708,0.217479609643292,FALSE,"Non",0.759477450532607,0.240522549467393
"233","3-Hydroxy-4-nitrobenzoic acid","Non",233,"Fold2","Non",0.609035877331509,0.390964122668491,FALSE,"Non",0.586,0.414,FALSE,"Non",0.531665389012898,0.468334610987102,FALSE,"Non",0.575567088781469,0.424432911218531
"234","3-Hydroxy-2-nitropyridine","Non",234,"Fold4","Sensitiser",0.466958504914399,0.533041495085601,FALSE,"Sensitiser",0.358,0.642,FALSE,"Sensitiser",0.431804712593537,0.568195287406463,FALSE,"Sensitiser",0.418921072502645,0.581078927497355
"235","(1R,4R)-4-Isopropenyl-1-methyl-2-methylenecyclohexane","Non",235,"Fold4","Sensitiser",0.451774599696935,0.548225400303065,FALSE,"Sensitiser",0.464,0.536,FALSE,"Sensitiser",0.386062078861495,0.613937921138505,FALSE,"Sensitiser",0.433945559519477,0.566054440480523
"236","Isopropyl glycerol ether","Non",236,"Fold5","Non",0.884434009579202,0.115565990420798,FALSE,"Non",0.788,0.212,FALSE,"Non",0.82540128002123,0.17459871997877,FALSE,"Non",0.832611763200144,0.167388236799856
"237","(3S,6R)-3-Isopropyl-6-methylcyclohexene","Non",237,"Fold3","Non",0.860365771974888,0.139634228025112,FALSE,"Non",0.682,0.318,FALSE,"Non",0.529888367513925,0.470111632486075,FALSE,"Non",0.690751379829604,0.309248620170396
"238","4-Isopropyl-1-methylenecyclohexane","Non",238,"Fold2","Non",0.799750983175141,0.200249016824859,FALSE,"Non",0.668,0.332,FALSE,"Sensitiser",0.491715774235543,0.508284225764457,FALSE,"Non",0.653155585803561,0.346844414196439
"239","Isopropyl Ricinoleamide","Non",239,"Fold4","Sensitiser",NA,NA,TRUE,"Sensitiser",NA,NA,TRUE,"Sensitiser",NA,NA,TRUE,NA,NA,NA
"240","Linalool alcohol","Non",240,"Fold1","Sensitiser",NA,NA,TRUE,"Sensitiser",NA,NA,TRUE,"Sensitiser",0.372626509055131,0.627373490944869,FALSE,"Sensitiser",0.372626509055131,0.627373490944869
"241","2-Mercaptobenzoxazole","Non",241,"Fold4","Sensitiser",NA,NA,TRUE,"Sensitiser",NA,NA,TRUE,"Sensitiser",0.446665971026092,0.553334028973908,FALSE,"Sensitiser",0.446665971026092,0.553334028973908
"242","6-Methoxynaphthalene-2-carbaldehyde","Non",242,"Fold4","Non",0.886000041493316,0.113999958506684,FALSE,"Non",0.518,0.482,FALSE,"Non",0.541008416816165,0.458991583183835,FALSE,"Non",0.648336152769827,0.351663847230173
"243","3-Methyl-1-butanol","Non",243,"Fold1","Non",0.836834784579046,0.163165215420954,FALSE,"Non",0.776,0.224,FALSE,"Non",0.82971494337293,0.17028505662707,FALSE,"Non",0.814183242650659,0.185816757349341
"244","(4Z)-2-Methyl-6-methyleneoct-4-ene","Non",244,"Fold2","Sensitiser",NA,NA,TRUE,"Sensitiser",NA,NA,TRUE,"Sensitiser",NA,NA,TRUE,NA,NA,NA
"245","Methyl sulfone (Dimethyl sulfone)","Non",245,"Fold4","Non",0.843779414354041,0.156220585645959,FALSE,"Non",0.76,0.24,FALSE,"Non",0.599426997695341,0.400573002304659,FALSE,"Non",0.734402137349794,0.265597862650206
"246","Octanenitrile","Non",246,"Fold2","Non",0.811971076265435,0.188028923734565,FALSE,"Non",0.872,0.128,FALSE,"Non",0.664427599888751,0.335572400111249,FALSE,"Non",0.782799558718062,0.217200441281938
"247","2,2'-Oxybisethanol","Non",247,"Fold5","Non",0.89864300388597,0.10135699611403,FALSE,"Non",0.83,0.17,FALSE,"Non",0.835662888900364,0.164337111099636,FALSE,"Non",0.854768630928778,0.145231369071222
"248","Phenethyl alcohol","Non",248,"Fold3","Sensitiser",NA,NA,TRUE,"Sensitiser",NA,NA,TRUE,"Sensitiser",0.447269538039701,0.552730461960299,FALSE,"Sensitiser",0.447269538039701,0.552730461960299
"249","3-Phenoxypropiononitrile","Non",249,"Fold3","Non",0.559469965798777,0.440530034201223,FALSE,"Sensitiser",0.42,0.58,FALSE,"Non",0.581997235872644,0.418002764127356,FALSE,"Non",0.520489067223807,0.479510932776193
"250","Propanoic acid, 3-bromo-, methyl ester","Non",250,"Fold4","Sensitiser",0.413993519933097,0.586006480066903,FALSE,"Non",0.586,0.414,FALSE,"Non",0.583548729689692,0.416451270310308,FALSE,"Non",0.52784741654093,0.47215258345907
"251","betaTerpinene","Non",251,"Fold5","Sensitiser",NA,NA,TRUE,"Sensitiser",NA,NA,TRUE,"Sensitiser",NA,NA,TRUE,NA,NA,NA
"252","Trans-2-methyl-2-butenal","Non",252,"Fold1","Sensitiser",0.373193202673033,0.626806797326967,FALSE,"Sensitiser",0.43,0.57,FALSE,"Sensitiser",0.40164977490788,0.59835022509212,FALSE,"Sensitiser",0.401614325860304,0.598385674139696
"253","2,4,6-Trimethyl-3-cyclohexene-1-methanol","Non",253,"Fold4","Sensitiser",NA,NA,TRUE,"Sensitiser",NA,NA,TRUE,"Sensitiser",0.490813628959542,0.509186371040458,FALSE,"Sensitiser",0.490813628959542,0.509186371040458
"254","(16-b)-21-(Acetyloxy)-17-hydroxy-16-methylpregna-1,4,9(11)-triene-3,20-dione","Non",254,"Fold3","Non",0.790629617339747,0.209370382660253,FALSE,"Non",0.564,0.436,FALSE,"Non",0.506909407194592,0.493090592805408,FALSE,"Non",0.620513008178113,0.379486991821887
"255","(2-Bromo-5-propoxyphenyl)-(2-hydroxy-4-methoxyphenyl)methanone","Non",255,"Fold5","Non",0.625279054944952,0.374720945055048,FALSE,"Non",0.63,0.37,FALSE,"Non",0.633479191113734,0.366520808886266,FALSE,"Non",0.629586082019562,0.370413917980438
"256","(2-oxo-1-phenylpyrrolidin-3-yl)-Triphenylphosphanium","Non",256,"Fold1","Sensitiser",NA,NA,TRUE,"Non",0.582,0.418,FALSE,"Non",0.500826214571322,0.499173785428678,FALSE,"Sensitiser",0.541413107285661,0.458586892714339
"257","3-Hydroxy-2,4,7,14-tetramethyl-9-oxo-4-vinyltricyclo[5.4.3.01,8]tetradec-6-yl [(8-methyl-8-azabicyclo[3.2.1]oct-3-yl)sulfanyl]acetate","Non",257,"Fold5","Non",0.933746750693042,0.0662532493069578,FALSE,"Non",0.856,0.144,FALSE,"Non",0.529769127282991,0.470230872717009,FALSE,"Non",0.773171959325344,0.226828040674656
"258","[4-(Ethoxymethyl)-2,6-dimethoxyphenyl]boronic acid","Non",258,"Fold5","Non",0.53621303344883,0.46378696655117,FALSE,"Non",0.574,0.426,FALSE,"Sensitiser",0.481334352609201,0.518665647390799,FALSE,"Non",0.530515795352677,0.469484204647323
"259","1-(2',3',4',5'-Tetramethylphenyl)-3-(4'-tetrabutylphenyl)- propane-1,3-dione","Non",259,"Fold5","Non",0.597319527326461,0.402680472673539,FALSE,"Non",0.582,0.418,FALSE,"Non",0.671856803621577,0.328143196378423,FALSE,"Non",0.617058776982679,0.382941223017321
"260","3-[(2R)-3-[[2-(2,3-Dihydro-1H-inden-2-yl)-1,1-dimethyl-ethyl]amino]-2-hydroxypropoxy]-4,5-difluoro-benzene propanoic acid","Non",260,"Fold4","Non",0.901983559198199,0.0980164408018015,FALSE,"Non",0.778,0.222,FALSE,"Non",0.566172492046293,0.433827507953707,FALSE,"Non",0.748718683748164,0.251281316251836
"261","1(2H)-Pyridazinamine","Non",261,"Fold1","Non",0.70364077815172,0.29635922184828,FALSE,"Non",0.8,0.2,FALSE,"Non",0.557391978115376,0.442608021884624,FALSE,"Non",0.687010918755699,0.312989081244301
"262","1-(4-Ethoxyphenyl)-2-[4-(methylsulfonyl)phenyl]ethanone","Non",262,"Fold4","Non",0.922249060059699,0.0777509399403012,FALSE,"Non",0.752,0.248,FALSE,"Non",0.528605369295421,0.471394630704579,FALSE,"Non",0.73428480978504,0.26571519021496
"263","1-(tert-Butoxycarbonyl)-4-fluoro-L-prolinamide","Non",263,"Fold2","Non",0.921793951321312,0.0782060486786881,FALSE,"Non",0.912,0.088,FALSE,"Non",0.801667234783746,0.198332765216254,FALSE,"Non",0.878487062035019,0.121512937964981
"264","1-(tert-Butoxycarbonyl)-4-fluoro-L-proline","Non",264,"Fold1","Non",0.957734487756394,0.0422655122436055,FALSE,"Non",0.91,0.09,FALSE,"Non",0.886853623075372,0.113146376924628,FALSE,"Non",0.918196036943922,0.0818039630560778
"265","1,1-Dimethylethyl[(1s)-2-[4-[(2-methyl-4-thiazolyl)methoxy]phenyl]-1-(2s)-oxiranylethyl]-carbamate","Non",265,"Fold5","Non",0.975967619449815,0.0240323805501849,FALSE,"Non",0.798,0.202,FALSE,"Sensitiser",0.477643220961535,0.522356779038465,FALSE,"Non",0.750536946803783,0.249463053196217
"266","1,1-Dimethylethyl[1-[bis(4-fluorophenyl)-methyl]-2-[2-cyano-4-fluoro-1-pyrrolidinyl]-2-oxoethyl]carbamate","Non",266,"Fold5","Non",0.984726080191354,0.015273919808646,FALSE,"Non",0.94,0.06,FALSE,"Sensitiser",0.437048528654463,0.562951471345537,FALSE,"Non",0.787258202948606,0.212741797051394
"267","1,2,3,5,6,7-Hexahydro-2-thioxo-4h-cyclopentapyrimi-din-4-one","Non",267,"Fold4","Sensitiser",NA,NA,TRUE,"Sensitiser",0.45,0.55,FALSE,"Sensitiser",0.430249776418324,0.569750223581676,FALSE,"Sensitiser",0.440124888209162,0.559875111790838
"268","1-Bromononane","Non",268,"Fold1","Non",0.85308862045521,0.14691137954479,FALSE,"Non",0.824,0.176,FALSE,"Non",0.672724952399485,0.327275047600515,FALSE,"Non",0.783271190951565,0.216728809048435
"269","1,5-Dimethyl-4-phenyl-2-imidazolidinone","Non",269,"Fold1","Sensitiser",NA,NA,TRUE,"Non",0.512,0.488,FALSE,"Non",0.765109865301838,0.234890134698162,FALSE,"Non",0.638554932650919,0.361445067349081
"270","1-[1-3-(1,3-Benzodioxol-5-yl)-(2-benzyloxy-4- methoxyphenyl)-1- hydroxy-6- propoxy-2-indanoyl]-3,4- dimethyl-5-phenyl-imidazolidinone","Non",270,"Fold4","Non",0.975436974232854,0.024563025767146,FALSE,"Non",0.782,0.218,FALSE,"Sensitiser",0.455135510196227,0.544864489803773,FALSE,"Non",0.73752416147636,0.26247583852364
"271","1-[2-Amino-3,3-bis(4-fluorophenyl)-1-oxopropyl]-4-fluoro-2-pyrrolidine carbonitrile","Non",271,"Fold4","Non",0.793086094834291,0.206913905165709,FALSE,"Non",0.772,0.228,FALSE,"Sensitiser",0.435750776610931,0.564249223389069,FALSE,"Non",0.666945623815074,0.333054376184926
"272","[4S-[1(E),4alpha,5alpha]]-1-[3-[2-[4-Methoxy-2-(phenylmethoxy)-benzoyl]-4-propoxyphenyl]-1-oxo-2-propenyl]-3,4-dimethyl-5-phenyl-2-imidazoli-dinone","Non",272,"Fold3","Non",0.963046388418722,0.036953611581278,FALSE,"Non",0.712,0.288,FALSE,"Non",0.633289671020206,0.366710328979794,FALSE,"Non",0.769445353146309,0.230554646853691
"273","1-[3-(Cyclopentyloxy)-4-methoxy-phenyl]-4-oxocyclohexane carbonitrile","Non",273,"Fold1","Non",0.785931715414381,0.214068284585619,FALSE,"Non",0.63,0.37,FALSE,"Non",0.693904582396464,0.306095417603536,FALSE,"Non",0.703278765936948,0.296721234063052
"274","1-[3,5-Bis(trifluoromethyl)phenyl]-N-methylethanamine","Non",274,"Fold3","Non",0.798458277738966,0.201541722261034,FALSE,"Non",0.746,0.254,FALSE,"Non",0.710668858757645,0.289331141242355,FALSE,"Non",0.75170904549887,0.24829095450113
"275","1-[5-[(4-Fluorophenyl)methyl]-2-furanyl]ethanone","Non",275,"Fold2","Non",0.735179902571028,0.264820097428972,FALSE,"Non",0.652,0.348,FALSE,"Non",0.613712270927805,0.386287729072195,FALSE,"Non",0.666964057832944,0.333035942167056
"276","1-Phenylpropylamine","Non",276,"Fold4","Non",0.921936766662456,0.0780632333375435,FALSE,"Non",0.724,0.276,FALSE,"Non",0.761943118804473,0.238056881195527,FALSE,"Non",0.802626628488976,0.197373371511024
"277","2-(4-Ethoxyphenyl)-3-[4-(methylsulfonyl)phenyl]pyrazolo[1,5-b]pyridazine","Non",277,"Fold5","Non",0.984361923437217,0.0156380765627828,FALSE,"Non",0.818,0.182,FALSE,"Sensitiser",0.445603377324258,0.554396622675742,FALSE,"Non",0.749321766920492,0.250678233079508
"278","2-(4-Oxopentyl)-1H-isoindole-1,3(2H)-dione","Non",278,"Fold1","Sensitiser",NA,NA,TRUE,"Sensitiser",0.424,0.576,FALSE,"Non",0.79432853030428,0.20567146969572,FALSE,"Non",0.60916426515214,0.39083573484786
"279","2-(Benzyl)tert- butyl)amino)-1-(alpha,4-dihydroxy-m-tolyl)ethane","Non",279,"Fold4","Non",0.620558706881972,0.379441293118028,FALSE,"Non",0.704,0.296,FALSE,"Non",0.675567724913217,0.324432275086783,FALSE,"Non",0.666708810598396,0.333291189401604
"280","2,3,3a,4,5,6a-Hexahydrofuro[5,4-b]furan-3-yl N-[3-(1,3-benzodioxol-5-ylsulfonyl-isobutyl-amino)-2-hydroxy-1-[[4-[(2-methylthiazol-4-yl)methoxy]phenyl]methyl]propyl]carbamate","Non",280,"Fold3","Non",0.913978372123725,0.086021627876275,FALSE,"Non",0.728,0.272,FALSE,"Sensitiser",0.477671781239586,0.522328218760414,FALSE,"Non",0.706550051121104,0.293449948878896
"281","2,3,4,5-Tetrahydro-N-(1-methylethyl)-2,4-dioxo-N,5-diphenyl-3-[(phenylmethoxy)-imino]-1H-1,5-benzodiazepine-1-acetamide","Non",281,"Fold4","Non",0.77118215783734,0.22881784216266,FALSE,"Non",0.64,0.36,FALSE,"Sensitiser",0.44004031481679,0.55995968518321,FALSE,"Non",0.617074157551377,0.382925842448623
"282","2,3-Dimethyl-2H-indazol-6-amine","Non",282,"Fold3","Non",0.650757926586646,0.349242073413354,FALSE,"Non",0.514,0.486,FALSE,"Non",0.752499651370877,0.247500348629123,FALSE,"Non",0.639085859319174,0.360914140680826
"283","2,6-Dimethoxy-4-methyl-5-[3-(trifluoromethyl)phenoxy]-8-quinolinamine","Non",283,"Fold5","Non",0.93184038611049,0.0681596138895104,FALSE,"Non",0.814,0.186,FALSE,"Non",0.641181408875676,0.358818591124324,FALSE,"Non",0.795673931662055,0.204326068337945
"284","2-[(Benzyloxy)-imino]malonic acid","Non",284,"Fold3","Non",0.519497208468711,0.480502791531289,FALSE,"Non",0.67,0.33,FALSE,"Non",0.660811873732291,0.339188126267709,FALSE,"Non",0.616769694067001,0.383230305932999
"285","2-[4-({2,6-Dimethoxy-4-methyl-5-[3-(trifluoromethyl)phenoxy]-8-quinolinyl}amino)pentyl]-1H-isoindole-1,3(2H)-dione","Non",285,"Fold3","Non",0.88104788449154,0.11895211550846,FALSE,"Non",0.766,0.234,FALSE,"Non",0.512423984833462,0.487576015166538,FALSE,"Non",0.719823956441667,0.280176043558333
"286","2-Aminoethyl methyl sulfone","Non",286,"Fold2","Non",0.94515375412843,0.0548462458715705,FALSE,"Non",0.952,0.048,FALSE,"Non",0.736867473826987,0.263132526173013,FALSE,"Non",0.878007075985139,0.121992924014861
"287","2-Bromo-5-propoxybenzoic acid","Non",287,"Fold3","Non",0.916001837084447,0.0839981629155532,FALSE,"Non",0.692,0.308,FALSE,"Non",0.849379859902715,0.150620140097285,FALSE,"Non",0.819127232329054,0.180872767670946
"288","2-Chloro-6-methoxy-4-methylquinoline","Non",288,"Fold1","Non",0.906014601737317,0.0939853982626828,FALSE,"Non",0.804,0.196,FALSE,"Non",0.896059105586442,0.103940894413558,FALSE,"Non",0.868691235774586,0.131308764225414
"289","3-(2,3-Dihydro-1H-inden-2-yl)-1-[1-(2-methyl-1,3-oxazol-4-yl)-2-(4-morpholinyl)-2-oxoethyl]-6-[1-methylpropyl]-2,5-piperazinedione","Non",289,"Fold4","Non",0.956498895808472,0.0435011041915276,FALSE,"Non",0.766,0.234,FALSE,"Sensitiser",0.436080548120322,0.563919451879678,FALSE,"Non",0.719526481309598,0.280473518690402
"290","3-{4-[(6-Bromohexyl)oxy]butyl}benzenesulfonamide","Non",290,"Fold4","Non",0.726863024200014,0.273136975799986,FALSE,"Non",0.626,0.374,FALSE,"Sensitiser",0.463136169264349,0.536863830735651,FALSE,"Non",0.605333064488121,0.394666935511879
"291","3-Amino-2,3,4,5-tetrahydro-N-(1-methylethyl)-2,4-dioxo-N,5-diphenyl-1H-1,5-benzodiazepine-1-acetamide","Non",291,"Fold2","Non",0.682942860012515,0.317057139987485,FALSE,"Non",0.726,0.274,FALSE,"Non",0.508813403978656,0.491186596021344,FALSE,"Non",0.639252087997057,0.360747912002943
"292","3-Hydroxy-2-phenyl-4-quinolinecarboxylic acid","Non",292,"Fold1","Non",0.893550201710928,0.106449798289072,FALSE,"Non",0.75,0.25,FALSE,"Non",0.768139533633819,0.231860466366181,FALSE,"Non",0.803896578448249,0.196103421551751
"293","3-Hydroxy-4-methoxybenzaldehyde","Non",293,"Fold2","Sensitiser",0.371576845827362,0.628423154172638,FALSE,"Non",0.676,0.324,FALSE,"Non",0.742432650621131,0.257567349378869,FALSE,"Non",0.596669832149498,0.403330167850502
"294","3-Propoxybenzoic acid","Non",294,"Fold2","Non",0.933301544283248,0.0666984557167518,FALSE,"Non",0.828,0.172,FALSE,"Non",0.82942379604823,0.17057620395177,FALSE,"Non",0.863575113443826,0.136424886556174
"295","4'-(Trifluoromethyl)-[1,1'- biphenyl]-4-carboxaldehyde","Non",295,"Fold2","Sensitiser",0.4183850372207,0.5816149627793,FALSE,"Non",0.654,0.346,FALSE,"Non",0.776177409629863,0.223822590370137,FALSE,"Non",0.616187482283521,0.383812517716479
"296","4-[4-({1-Butyl-3-[cyclohexyl(hydroxy)methyl]-2,5-dioxo-1,4,9-triazaspiro[5.5]undec-9-yl}methyl)phenoxy]benzoic acid","Non",296,"Fold2","Non",0.875754108336652,0.124245891663348,FALSE,"Non",0.756,0.244,FALSE,"Non",0.531971199316928,0.468028800683072,FALSE,"Non",0.72124176921786,0.27875823078214
"297","4-Cyano-4-[3-(cyclopentyloxy)-4-methoxyphenyl]cyclohexanecarboxylic acid","Non",297,"Fold1","Non",0.91002502819799,0.0899749718020096,FALSE,"Non",0.728,0.272,FALSE,"Non",0.737148226011344,0.262851773988656,FALSE,"Non",0.791724418069778,0.208275581930222
"298","4-Fluoro-2-Pyrrolidine-Carboxamide","Non",298,"Fold2","Non",0.943975701778673,0.0560242982213274,FALSE,"Non",0.92,0.08,FALSE,"Non",0.784049193907925,0.215950806092075,FALSE,"Non",0.882674965228866,0.117325034771134
"299","5-({4-[(2,3-Dimethyl-2H-indazol-6-yl)(methyl)amino]-2-pyrimidinyl}amino)-2-methylbenzenesulfonamide","Non",299,"Fold5","Non",0.840173773774174,0.159826226225826,FALSE,"Non",0.752,0.248,FALSE,"Sensitiser",0.435385238827699,0.564614761172301,FALSE,"Non",0.675853004200624,0.324146995799376
"300","5-Amino-2-methylbenzene-sulfonamide","Non",300,"Fold1","Non",0.735777036502066,0.264222963497934,FALSE,"Non",0.546,0.454,FALSE,"Non",0.634313877053574,0.365686122946426,FALSE,"Non",0.638696971185213,0.361303028814787
"301","5-Chloro-2,6-dimethoxy-4-methylquinoline","Non",301,"Fold4","Non",0.736148050737688,0.263851949262312,FALSE,"Non",0.638,0.362,FALSE,"Non",0.662431176743185,0.337568823256815,FALSE,"Non",0.678859742493624,0.321140257506376
"302","5-Methoxy-2-nitro-4-(trifluoromethyl) benzene acetonitrile","Non",302,"Fold1","Non",0.703425130355104,0.296574869644896,FALSE,"Non",0.53,0.47,FALSE,"Non",0.500635340700402,0.499364659299598,FALSE,"Non",0.578020157018502,0.421979842981498
"303","5-Methyl-6-(trifluoromethyl)indoline","Non",303,"Fold1","Sensitiser",0.457442239239462,0.542557760760538,FALSE,"Sensitiser",0.476,0.524,FALSE,"Non",0.560368224372807,0.439631775627193,FALSE,"Sensitiser",0.49793682120409,0.50206317879591
"304","6-Chloro-1-hexanol","Non",304,"Fold5","Non",0.891845093272445,0.108154906727555,FALSE,"Non",0.882,0.118,FALSE,"Non",0.796181473950989,0.203818526049011,FALSE,"Non",0.856675522407811,0.143324477592189
"305","6-Ethenyldeca-hydro-5-hydroxy-4,6,9,10-tetramethyl-1-oxo-3a,9-propano-3ah-cyclopentacyclo-octen-8-yl [[(3-exo)-8-methyl-8-azabicyclo-[3.2.1]oct-3-yl]thio]-acetate","Non",305,"Fold1","Non",0.972409624887632,0.0275903751123684,FALSE,"Non",0.91,0.09,FALSE,"Non",0.771012828034279,0.228987171965721,FALSE,"Non",0.88447415097397,0.11552584902603
"306","6-Iodo-quinazolin-4-ol","Non",306,"Fold2","Sensitiser",NA,NA,TRUE,"Non",0.504,0.496,FALSE,"Sensitiser",0.480485699833976,0.519514300166024,FALSE,"Sensitiser",0.492242849916988,0.507757150083012
"307","6-Methoxy-4-methyl-2(1H)-quinolinone","Non",307,"Fold5","Sensitiser",NA,NA,TRUE,"Sensitiser",NA,NA,TRUE,"Non",0.511729665960097,0.488270334039903,FALSE,"Sensitiser",0.511729665960097,0.488270334039903
"308","6-Methoxy-4-methyl-8-quinolinamine","Non",308,"Fold3","Non",0.730243975305914,0.269756024694086,FALSE,"Non",0.698,0.302,FALSE,"Non",0.811099232939418,0.188900767060582,FALSE,"Non",0.746447736081777,0.253552263918223
"309","8-Hydroxy-5-{1-hydroxy-2-[(2-{4-[(4-methoxy-3-phenylphenyl)amino]phenyl}ethyl)amino]ethyl}-1,2-dihydroquinolin-2-one","Non",309,"Fold1","Non",0.897099311652525,0.102900688347475,FALSE,"Non",0.654,0.346,FALSE,"Sensitiser",0.474996290768537,0.525003709231463,FALSE,"Non",0.675365200807021,0.324634799192979
"310","Adipic acid","Non",310,"Fold1","Non",0.823509018983919,0.176490981016081,FALSE,"Non",0.814,0.186,FALSE,"Non",0.850460091829776,0.149539908170224,FALSE,"Non",0.829323036937898,0.170676963062102
"311","Anthranilic acid","Non",311,"Fold3","Sensitiser",0.466654172033399,0.533345827966601,FALSE,"Sensitiser",0.434,0.566,FALSE,"Non",0.64330031629041,0.35669968370959,FALSE,"Non",0.514651496107936,0.485348503892064
"312","Atrazine","Non",312,"Fold5","Sensitiser",0.478403137533486,0.521596862466514,FALSE,"Non",0.626,0.374,FALSE,"Sensitiser",0.49034581190303,0.50965418809697,FALSE,"Non",0.531582983145505,0.468417016854495
"313","Clarithromycin","Non",313,"Fold4","Non",0.940656313498982,0.0593436865010181,FALSE,"Non",0.698,0.302,FALSE,"Sensitiser",0.46927714734473,0.53072285265527,FALSE,"Non",0.702644486947904,0.297355513052096
"314","Cytosine","Non",314,"Fold4","Non",0.610508203442852,0.389491796557148,FALSE,"Non",0.638,0.362,FALSE,"Non",0.523530079531126,0.476469920468874,FALSE,"Non",0.590679427657993,0.409320572342007
"315","Dimethyl 4-cyano-4-(3-cyclopentyloxy-4-methoxyphenyl)-pimelate","Non",315,"Fold2","Non",0.898878934853565,0.101121065146435,FALSE,"Non",0.832,0.168,FALSE,"Non",0.567256469010473,0.432743530989527,FALSE,"Non",0.766045134621346,0.233954865378654
"316","Dimethyl carbonate","Non",316,"Fold4","Non",0.857838308755465,0.142161691244535,FALSE,"Non",0.824,0.176,FALSE,"Non",0.754502800706153,0.245497199293847,FALSE,"Non",0.812113703153873,0.187886296846127
"317","Ethyl (Z)-a-[[2-(tert-butoxy)-1,1-dimethyl-2-oxoethoxy]imino]-2-(tritylamino)thiazol-4-acetate","Non",317,"Fold2","Non",0.841010731998682,0.158989268001318,FALSE,"Non",0.656,0.344,FALSE,"Sensitiser",0.428388011419092,0.571611988580908,FALSE,"Non",0.641799581139258,0.358200418860742
"318","Ethyl 1H-1,2,4-triazole-5-carboxylate","Non",318,"Fold3","Non",0.806561149723484,0.193438850276516,FALSE,"Non",0.736,0.264,FALSE,"Non",0.538609039781122,0.461390960218878,FALSE,"Non",0.693723396501535,0.306276603498465
"319","Ethyl 2,6-dichloro-5-fluoro-b-oxo-3-pyridinepropanoate","Non",319,"Fold2","Non",0.808166362438996,0.191833637561004,FALSE,"Non",0.57,0.43,FALSE,"Sensitiser",0.475685600764715,0.524314399235285,FALSE,"Non",0.617950654401237,0.382049345598763
"320","Fumaric acid","Non",320,"Fold4","Non",0.665054875836209,0.334945124163791,FALSE,"Non",0.776,0.224,FALSE,"Non",0.698127708930553,0.301872291069447,FALSE,"Non",0.713060861588921,0.286939138411079
"321","Isopropyl dicyandiamide","Non",321,"Fold3","Non",0.788134065101365,0.211865934898635,FALSE,"Non",0.852,0.148,FALSE,"Non",0.574023786489405,0.425976213510595,FALSE,"Non",0.738052617196923,0.261947382803077
"322","m-Chloropropiophenone","Non",322,"Fold3","Sensitiser",0.370762971299655,0.629237028700345,FALSE,"Non",0.586,0.414,FALSE,"Non",0.822553748240043,0.177446251759957,FALSE,"Non",0.593105573179899,0.406894426820101
"323","N-(2-Chloro-4-pyrimidinyl)-2,3-dimethyl-2H-indazol-6-amine","Non",323,"Fold2","Non",0.860125134614717,0.139874865385283,FALSE,"Non",0.712,0.288,FALSE,"Non",0.616060712604261,0.383939287395739,FALSE,"Non",0.729395282406326,0.270604717593674
"324","N-(2-Chloro-4-pyrimidinyl)-N,2,3-trimethyl-2H-indazol-6-amine","Non",324,"Fold1","Non",0.826102351917569,0.173897648082431,FALSE,"Non",0.786,0.214,FALSE,"Non",0.642489249953659,0.357510750046341,FALSE,"Non",0.751530533957076,0.248469466042924
"325","N-[(1,1-Dimethylethoxy)-carbonyl]-L- tyrosine, ethyl ester","Non",325,"Fold3","Non",0.636169850184819,0.363830149815181,FALSE,"Non",0.788,0.212,FALSE,"Non",0.874904189712532,0.125095810287468,FALSE,"Non",0.766358013299117,0.233641986700883
"326","N-[(1-Butyl-4-piperidinyl)methyl]-3,4-dihydro-2H-[1,3]oxazino[3,2-a]indole-10-carboxamide","Non",326,"Fold5","Non",0.909306675556095,0.0906933244439052,FALSE,"Non",0.726,0.274,FALSE,"Non",0.511208414362771,0.488791585637229,FALSE,"Non",0.715505029972955,0.284494970027045
"327","N-{[(1,1-Dimethylethyl)oxy] carbonyl}-4-fluoro- b-(4-fluorophenyl)-L- phenylalanine","Non",327,"Fold2","Non",0.892760344989884,0.107239655010116,FALSE,"Non",0.906,0.094,FALSE,"Non",0.776790149675503,0.223209850324497,FALSE,"Non",0.858516831555129,0.141483168444871
"328","N-{2-(Benzyloxy)-5-[(1R)-2-bromo-1-hydroxyethyl]phenyl}formamide","Non",328,"Fold5","Non",0.523857240461351,0.476142759538649,FALSE,"Non",0.534,0.466,FALSE,"Non",0.513978058510696,0.486021941489304,FALSE,"Non",0.523945099657349,0.476054900342651
"329","Oxyfluorfen","Non",329,"Fold3","Sensitiser",0.4338717867485,0.5661282132515,FALSE,"Sensitiser",0.372,0.628,FALSE,"Sensitiser",0.414227684704081,0.585772315295919,FALSE,"Sensitiser",0.406699823817527,0.593300176182473
"330","Pentaerythritol triacrylate","Non",330,"Fold3","Non",0.832774316956007,0.167225683043993,FALSE,"Non",0.798,0.202,FALSE,"Non",0.862278917901599,0.137721082098401,FALSE,"Non",0.831017744952535,0.168982255047465
"331","Phenylmethyl 2-(4-fluoro-2-methylphenyl)-4-oxo-3,4-dihydro-1 (2H)-pyridine-carboxylate","Non",331,"Fold5","Non",0.658876384496616,0.341123615503384,FALSE,"Non",0.56,0.44,FALSE,"Non",0.513785287973956,0.486214712026044,FALSE,"Non",0.577553890823524,0.422446109176476
"332","Quinoxyfen","Non",332,"Fold2","Sensitiser",NA,NA,TRUE,"Sensitiser",0.484,0.516,FALSE,"Non",0.519542445485351,0.480457554514649,FALSE,"Sensitiser",0.501771222742675,0.498228777257325
"333","Rifamycin","Non",333,"Fold2","Sensitiser",0.371372040011976,0.628627959988024,FALSE,"Non",0.554,0.446,FALSE,"Sensitiser",0.431406690017365,0.568593309982635,FALSE,"Sensitiser",0.452259576676447,0.547740423323553
"334","Succinic Acid","Non",334,"Fold5","Non",0.946473194315366,0.0535268056846339,FALSE,"Non",0.926,0.074,FALSE,"Non",0.804881166600479,0.195118833399521,FALSE,"Non",0.892451453638615,0.107548546361385
"335","tert-Butyl 3-Aminobenzoate","Non",335,"Fold5","Sensitiser",0.469896202394346,0.530103797605654,FALSE,"Non",0.666,0.334,FALSE,"Non",0.8062981776995,0.1937018223005,FALSE,"Non",0.647398126697949,0.352601873302051
"336","Ethyl-2-(Hydroxymethyl)-1,3-Propanediol Triacrylate","Non",336,"Fold1","Non",0.639478982320623,0.360521017679377,FALSE,"Non",0.64,0.36,FALSE,"Non",0.739607960267598,0.260392039732402,FALSE,"Non",0.67302898086274,0.32697101913726
"337","1-Butanol","Non",337,"Fold1","Non",0.960617639366096,0.039382360633904,FALSE,"Non",0.87,0.13,FALSE,"Non",0.848630292025391,0.151369707974609,FALSE,"Non",0.893082643797162,0.106917356202838
"338","8-[(4-Amino-3-nitrophenyl)azo]-7-hydroxy-N,N,N-trimethyl-2-naphthalenaminium chloride (Basic brown 17, B007) (SCCP0683/03)","Non",338,"Fold3","Non",0.587879209280841,0.412120790719159,FALSE,"Sensitiser",0.442,0.558,FALSE,"Sensitiser",0.477471066553461,0.522528933446539,FALSE,"Non",0.502450091944767,0.497549908055233
"339","Benzoic acid","Non",339,"Fold4","Non",0.824511659831449,0.175488340168551,FALSE,"Non",0.654,0.346,FALSE,"Non",0.778074557901546,0.221925442098454,FALSE,"Non",0.752195405910998,0.247804594089002
"340","Nonanoic acid","Non",340,"Fold4","Non",0.685934655796312,0.314065344203688,FALSE,"Non",0.762,0.238,FALSE,"Non",0.783833528559841,0.216166471440159,FALSE,"Non",0.743922728118718,0.256077271881282
"341","Chlorobenzene","Non",341,"Fold4","Non",0.743658414754832,0.256341585245168,FALSE,"Sensitiser",0.446,0.554,FALSE,"Non",0.597269194597992,0.402730805402008,FALSE,"Non",0.595642536450941,0.404357463549059
"342","1-Chlorononane","Non",342,"Fold3","Non",0.85218727277546,0.14781272722454,FALSE,"Non",0.836,0.164,FALSE,"Non",0.746640843092884,0.253359156907116,FALSE,"Non",0.811609371956115,0.188390628043885
"343","Coumarin","Non",343,"Fold5","Sensitiser",NA,NA,TRUE,"Sensitiser",0.4,0.6,FALSE,"Non",0.547779988604205,0.452220011395795,FALSE,"Sensitiser",0.473889994302102,0.526110005697897
"344","Diethylphthalate","Non",344,"Fold3","Non",0.825569917603472,0.174430082396528,FALSE,"Non",0.722,0.278,FALSE,"Non",0.873532089717204,0.126467910282796,FALSE,"Non",0.807034002440225,0.192965997559775
"345","Ethyl benzoylacetate","Non",345,"Fold4","Non",0.592678970145417,0.407321029854583,FALSE,"Sensitiser",0.458,0.542,FALSE,"Non",0.590290647272584,0.409709352727416,FALSE,"Non",0.546989872472667,0.453010127527333
"346","Ethyl vanillin","Non",346,"Fold1","Non",0.663083762294577,0.336916237705423,FALSE,"Non",0.708,0.292,FALSE,"Non",0.591655465947892,0.408344534052108,FALSE,"Non",0.654246409414156,0.345753590585844
"347","Furil","Non",347,"Fold5","Sensitiser",NA,NA,TRUE,"Sensitiser",0.416,0.584,FALSE,"Sensitiser",0.460527783774905,0.539472216225095,FALSE,"Sensitiser",0.438263891887453,0.561736108112547
